"tollgate_id","time_window","direction","volume_vehicle_model0","start_month","start_day","start_hour","start_minute"
"1","[2016-09-19 01:20:00,2016-09-19 01:40:00)","0","1","9","19","1","20"
"3","[2016-09-19 06:20:00,2016-09-19 06:40:00)","0","1","9","19","6","20"
"1","[2016-09-19 08:40:00,2016-09-19 09:00:00)","0","9","9","19","8","40"
"3","[2016-09-19 10:40:00,2016-09-19 11:00:00)","0","1","9","19","10","40"
"3","[2016-09-19 16:20:00,2016-09-19 16:40:00)","0","1","9","19","16","20"
"1","[2016-09-19 19:40:00,2016-09-19 20:00:00)","0","1","9","19","19","40"
"3","[2016-09-20 06:20:00,2016-09-20 06:40:00)","0","1","9","20","6","20"
"3","[2016-09-20 12:00:00,2016-09-20 12:20:00)","0","1","9","20","12","0"
"3","[2016-09-20 16:20:00,2016-09-20 16:40:00)","0","1","9","20","16","20"
"3","[2016-09-20 18:20:00,2016-09-20 18:40:00)","0","1","9","20","18","20"
"3","[2016-09-21 06:20:00,2016-09-21 06:40:00)","0","1","9","21","6","20"
"1","[2016-09-21 08:00:00,2016-09-21 08:20:00)","0","1","9","21","8","0"
"1","[2016-09-21 08:20:00,2016-09-21 08:40:00)","0","1","9","21","8","20"
"3","[2016-09-21 09:40:00,2016-09-21 10:00:00)","0","1","9","21","9","40"
"2","[2016-09-21 09:40:00,2016-09-21 10:00:00)","0","1","9","21","9","40"
"3","[2016-09-21 10:00:00,2016-09-21 10:20:00)","0","1","9","21","10","0"
"3","[2016-09-21 10:20:00,2016-09-21 10:40:00)","0","4","9","21","10","20"
"3","[2016-09-21 11:00:00,2016-09-21 11:20:00)","0","1","9","21","11","0"
"1","[2016-09-21 15:00:00,2016-09-21 15:20:00)","0","1","9","21","15","0"
"3","[2016-09-21 15:00:00,2016-09-21 15:20:00)","0","1","9","21","15","0"
"1","[2016-09-22 00:40:00,2016-09-22 01:00:00)","0","1","9","22","0","40"
"3","[2016-09-22 01:00:00,2016-09-22 01:20:00)","0","1","9","22","1","0"
"1","[2016-09-22 01:20:00,2016-09-22 01:40:00)","0","1","9","22","1","20"
"1","[2016-09-22 03:20:00,2016-09-22 03:40:00)","0","1","9","22","3","20"
"1","[2016-09-22 06:00:00,2016-09-22 06:20:00)","0","3","9","22","6","0"
"3","[2016-09-22 06:40:00,2016-09-22 07:00:00)","0","14","9","22","6","40"
"3","[2016-09-22 13:40:00,2016-09-22 14:00:00)","0","1","9","22","13","40"
"3","[2016-09-23 07:20:00,2016-09-23 07:40:00)","0","4","9","23","7","20"
"3","[2016-09-23 09:20:00,2016-09-23 09:40:00)","0","1","9","23","9","20"
"1","[2016-09-23 09:40:00,2016-09-23 10:00:00)","0","1","9","23","9","40"
"3","[2016-09-23 12:20:00,2016-09-23 12:40:00)","0","1","9","23","12","20"
"3","[2016-09-23 23:00:00,2016-09-23 23:20:00)","0","1","9","23","23","0"
"3","[2016-09-24 08:00:00,2016-09-24 08:20:00)","0","1","9","24","8","0"
"3","[2016-09-24 10:20:00,2016-09-24 10:40:00)","0","1","9","24","10","20"
"3","[2016-09-24 10:40:00,2016-09-24 11:00:00)","0","1","9","24","10","40"
"2","[2016-09-24 14:00:00,2016-09-24 14:20:00)","0","1","9","24","14","0"
"3","[2016-09-25 06:20:00,2016-09-25 06:40:00)","0","1","9","25","6","20"
"2","[2016-09-25 10:20:00,2016-09-25 10:40:00)","0","1","9","25","10","20"
"3","[2016-09-25 12:20:00,2016-09-25 12:40:00)","0","2","9","25","12","20"
"2","[2016-09-25 13:40:00,2016-09-25 14:00:00)","0","1","9","25","13","40"
"1","[2016-09-25 19:00:00,2016-09-25 19:20:00)","0","1","9","25","19","0"
"2","[2016-09-26 11:00:00,2016-09-26 11:20:00)","0","1","9","26","11","0"
"3","[2016-09-26 14:20:00,2016-09-26 14:40:00)","0","46","9","26","14","20"
"3","[2016-09-26 14:40:00,2016-09-26 15:00:00)","0","1","9","26","14","40"
"1","[2016-09-27 05:00:00,2016-09-27 05:20:00)","0","1","9","27","5","0"
"3","[2016-09-27 09:40:00,2016-09-27 10:00:00)","0","1","9","27","9","40"
"3","[2016-09-27 12:00:00,2016-09-27 12:20:00)","0","1","9","27","12","0"
"2","[2016-09-27 13:20:00,2016-09-27 13:40:00)","0","1","9","27","13","20"
"2","[2016-09-27 14:20:00,2016-09-27 14:40:00)","0","1","9","27","14","20"
"1","[2016-09-27 16:00:00,2016-09-27 16:20:00)","0","1","9","27","16","0"
"3","[2016-09-27 19:20:00,2016-09-27 19:40:00)","0","1","9","27","19","20"
"1","[2016-09-28 07:40:00,2016-09-28 08:00:00)","0","5","9","28","7","40"
"1","[2016-09-28 08:00:00,2016-09-28 08:20:00)","0","1","9","28","8","0"
"1","[2016-09-28 08:20:00,2016-09-28 08:40:00)","0","1","9","28","8","20"
"1","[2016-09-28 14:00:00,2016-09-28 14:20:00)","0","1","9","28","14","0"
"3","[2016-09-28 14:20:00,2016-09-28 14:40:00)","0","1","9","28","14","20"
"3","[2016-09-28 15:00:00,2016-09-28 15:20:00)","0","2","9","28","15","0"
"1","[2016-09-28 15:00:00,2016-09-28 15:20:00)","0","1","9","28","15","0"
"2","[2016-09-28 16:20:00,2016-09-28 16:40:00)","0","1","9","28","16","20"
"3","[2016-09-29 06:40:00,2016-09-29 07:00:00)","0","1","9","29","6","40"
"2","[2016-09-29 08:00:00,2016-09-29 08:20:00)","0","1","9","29","8","0"
"3","[2016-09-29 08:40:00,2016-09-29 09:00:00)","0","1","9","29","8","40"
"1","[2016-09-29 10:00:00,2016-09-29 10:20:00)","0","1","9","29","10","0"
"3","[2016-09-29 10:20:00,2016-09-29 10:40:00)","0","1","9","29","10","20"
"1","[2016-09-29 11:20:00,2016-09-29 11:40:00)","0","1","9","29","11","20"
"3","[2016-09-29 14:00:00,2016-09-29 14:20:00)","0","1","9","29","14","0"
"3","[2016-09-29 14:40:00,2016-09-29 15:00:00)","0","3","9","29","14","40"
"1","[2016-09-30 03:40:00,2016-09-30 04:00:00)","0","1","9","30","3","40"
"2","[2016-09-30 09:00:00,2016-09-30 09:20:00)","0","1","9","30","9","0"
"3","[2016-09-30 15:00:00,2016-09-30 15:20:00)","0","1","9","30","15","0"
"3","[2016-09-30 17:00:00,2016-09-30 17:20:00)","0","1","9","30","17","0"
"3","[2016-09-30 18:00:00,2016-09-30 18:20:00)","0","2","9","30","18","0"
"1","[2016-09-30 18:40:00,2016-09-30 19:00:00)","0","1","9","30","18","40"
"1","[2016-09-30 20:40:00,2016-09-30 21:00:00)","0","1","9","30","20","40"
"1","[2016-09-30 22:20:00,2016-09-30 22:40:00)","0","1","9","30","22","20"
"3","[2016-09-30 22:40:00,2016-09-30 23:00:00)","0","1","9","30","22","40"
"1","[2016-10-01 00:00:00,2016-10-01 00:20:00)","0","78","10","1","0","0"
"3","[2016-10-01 00:00:00,2016-10-01 00:20:00)","0","51","10","1","0","0"
"1","[2016-10-01 00:20:00,2016-10-01 00:40:00)","0","56","10","1","0","20"
"3","[2016-10-01 00:20:00,2016-10-01 00:40:00)","0","36","10","1","0","20"
"1","[2016-10-01 00:40:00,2016-10-01 01:00:00)","0","50","10","1","0","40"
"3","[2016-10-01 00:40:00,2016-10-01 01:00:00)","0","28","10","1","0","40"
"1","[2016-10-01 01:00:00,2016-10-01 01:20:00)","0","58","10","1","1","0"
"3","[2016-10-01 01:00:00,2016-10-01 01:20:00)","0","28","10","1","1","0"
"1","[2016-10-01 01:20:00,2016-10-01 01:40:00)","0","49","10","1","1","20"
"3","[2016-10-01 01:20:00,2016-10-01 01:40:00)","0","24","10","1","1","20"
"3","[2016-10-01 01:40:00,2016-10-01 02:00:00)","0","27","10","1","1","40"
"1","[2016-10-01 01:40:00,2016-10-01 02:00:00)","0","35","10","1","1","40"
"1","[2016-10-01 02:00:00,2016-10-01 02:20:00)","0","29","10","1","2","0"
"3","[2016-10-01 02:00:00,2016-10-01 02:20:00)","0","19","10","1","2","0"
"3","[2016-10-01 02:20:00,2016-10-01 02:40:00)","0","21","10","1","2","20"
"1","[2016-10-01 02:20:00,2016-10-01 02:40:00)","0","40","10","1","2","20"
"3","[2016-10-01 02:40:00,2016-10-01 03:00:00)","0","16","10","1","2","40"
"1","[2016-10-01 02:40:00,2016-10-01 03:00:00)","0","42","10","1","2","40"
"1","[2016-10-01 03:00:00,2016-10-01 03:20:00)","0","31","10","1","3","0"
"3","[2016-10-01 03:00:00,2016-10-01 03:20:00)","0","21","10","1","3","0"
"1","[2016-10-01 03:20:00,2016-10-01 03:40:00)","0","41","10","1","3","20"
"3","[2016-10-01 03:20:00,2016-10-01 03:40:00)","0","16","10","1","3","20"
"1","[2016-10-01 03:40:00,2016-10-01 04:00:00)","0","38","10","1","3","40"
"3","[2016-10-01 03:40:00,2016-10-01 04:00:00)","0","27","10","1","3","40"
"1","[2016-10-01 04:00:00,2016-10-01 04:20:00)","0","51","10","1","4","0"
"3","[2016-10-01 04:00:00,2016-10-01 04:20:00)","0","18","10","1","4","0"
"1","[2016-10-01 04:20:00,2016-10-01 04:40:00)","0","75","10","1","4","20"
"3","[2016-10-01 04:20:00,2016-10-01 04:40:00)","0","25","10","1","4","20"
"3","[2016-10-01 04:40:00,2016-10-01 05:00:00)","0","21","10","1","4","40"
"1","[2016-10-01 04:40:00,2016-10-01 05:00:00)","0","91","10","1","4","40"
"3","[2016-10-01 05:00:00,2016-10-01 05:20:00)","0","36","10","1","5","0"
"1","[2016-10-01 05:00:00,2016-10-01 05:20:00)","0","132","10","1","5","0"
"1","[2016-10-01 05:20:00,2016-10-01 05:40:00)","0","129","10","1","5","20"
"3","[2016-10-01 05:20:00,2016-10-01 05:40:00)","0","43","10","1","5","20"
"1","[2016-10-01 05:40:00,2016-10-01 06:00:00)","0","175","10","1","5","40"
"3","[2016-10-01 05:40:00,2016-10-01 06:00:00)","0","39","10","1","5","40"
"1","[2016-10-01 06:00:00,2016-10-01 06:20:00)","0","201","10","1","6","0"
"3","[2016-10-01 06:00:00,2016-10-01 06:20:00)","0","45","10","1","6","0"
"3","[2016-10-01 06:20:00,2016-10-01 06:40:00)","0","79","10","1","6","20"
"1","[2016-10-01 06:20:00,2016-10-01 06:40:00)","0","229","10","1","6","20"
"1","[2016-10-01 06:40:00,2016-10-01 07:00:00)","0","254","10","1","6","40"
"3","[2016-10-01 06:40:00,2016-10-01 07:00:00)","0","60","10","1","6","40"
"1","[2016-10-01 07:00:00,2016-10-01 07:20:00)","0","232","10","1","7","0"
"3","[2016-10-01 07:00:00,2016-10-01 07:20:00)","0","74","10","1","7","0"
"1","[2016-10-01 07:20:00,2016-10-01 07:40:00)","0","225","10","1","7","20"
"3","[2016-10-01 07:20:00,2016-10-01 07:40:00)","0","85","10","1","7","20"
"1","[2016-10-01 07:40:00,2016-10-01 08:00:00)","0","220","10","1","7","40"
"3","[2016-10-01 07:40:00,2016-10-01 08:00:00)","0","104","10","1","7","40"
"1","[2016-10-01 08:00:00,2016-10-01 08:20:00)","0","205","10","1","8","0"
"3","[2016-10-01 08:00:00,2016-10-01 08:20:00)","0","80","10","1","8","0"
"1","[2016-10-01 08:20:00,2016-10-01 08:40:00)","0","199","10","1","8","20"
"3","[2016-10-01 08:20:00,2016-10-01 08:40:00)","0","103","10","1","8","20"
"1","[2016-10-01 08:40:00,2016-10-01 09:00:00)","0","187","10","1","8","40"
"3","[2016-10-01 08:40:00,2016-10-01 09:00:00)","0","126","10","1","8","40"
"3","[2016-10-01 09:00:00,2016-10-01 09:20:00)","0","134","10","1","9","0"
"1","[2016-10-01 09:00:00,2016-10-01 09:20:00)","0","226","10","1","9","0"
"1","[2016-10-01 09:20:00,2016-10-01 09:40:00)","0","233","10","1","9","20"
"3","[2016-10-01 09:20:00,2016-10-01 09:40:00)","0","144","10","1","9","20"
"1","[2016-10-01 09:40:00,2016-10-01 10:00:00)","0","211","10","1","9","40"
"3","[2016-10-01 09:40:00,2016-10-01 10:00:00)","0","95","10","1","9","40"
"3","[2016-10-01 10:00:00,2016-10-01 10:20:00)","0","122","10","1","10","0"
"1","[2016-10-01 10:00:00,2016-10-01 10:20:00)","0","255","10","1","10","0"
"3","[2016-10-01 10:20:00,2016-10-01 10:40:00)","0","133","10","1","10","20"
"1","[2016-10-01 10:20:00,2016-10-01 10:40:00)","0","185","10","1","10","20"
"3","[2016-10-01 10:40:00,2016-10-01 11:00:00)","0","103","10","1","10","40"
"1","[2016-10-01 10:40:00,2016-10-01 11:00:00)","0","195","10","1","10","40"
"1","[2016-10-01 11:00:00,2016-10-01 11:20:00)","0","183","10","1","11","0"
"3","[2016-10-01 11:00:00,2016-10-01 11:20:00)","0","97","10","1","11","0"
"1","[2016-10-01 11:20:00,2016-10-01 11:40:00)","0","174","10","1","11","20"
"3","[2016-10-01 11:20:00,2016-10-01 11:40:00)","0","91","10","1","11","20"
"3","[2016-10-01 11:40:00,2016-10-01 12:00:00)","0","79","10","1","11","40"
"1","[2016-10-01 11:40:00,2016-10-01 12:00:00)","0","168","10","1","11","40"
"1","[2016-10-01 12:00:00,2016-10-01 12:20:00)","0","181","10","1","12","0"
"3","[2016-10-01 12:00:00,2016-10-01 12:20:00)","0","82","10","1","12","0"
"3","[2016-10-01 12:20:00,2016-10-01 12:40:00)","0","86","10","1","12","20"
"1","[2016-10-01 12:20:00,2016-10-01 12:40:00)","0","191","10","1","12","20"
"1","[2016-10-01 12:40:00,2016-10-01 13:00:00)","0","214","10","1","12","40"
"3","[2016-10-01 12:40:00,2016-10-01 13:00:00)","0","82","10","1","12","40"
"1","[2016-10-01 13:00:00,2016-10-01 13:20:00)","0","213","10","1","13","0"
"3","[2016-10-01 13:00:00,2016-10-01 13:20:00)","0","95","10","1","13","0"
"1","[2016-10-01 13:20:00,2016-10-01 13:40:00)","0","189","10","1","13","20"
"3","[2016-10-01 13:20:00,2016-10-01 13:40:00)","0","92","10","1","13","20"
"1","[2016-10-01 13:40:00,2016-10-01 14:00:00)","0","207","10","1","13","40"
"3","[2016-10-01 13:40:00,2016-10-01 14:00:00)","0","89","10","1","13","40"
"1","[2016-10-01 14:00:00,2016-10-01 14:20:00)","0","225","10","1","14","0"
"3","[2016-10-01 14:00:00,2016-10-01 14:20:00)","0","87","10","1","14","0"
"1","[2016-10-01 14:20:00,2016-10-01 14:40:00)","0","197","10","1","14","20"
"3","[2016-10-01 14:20:00,2016-10-01 14:40:00)","0","94","10","1","14","20"
"3","[2016-10-01 14:40:00,2016-10-01 15:00:00)","0","93","10","1","14","40"
"1","[2016-10-01 14:40:00,2016-10-01 15:00:00)","0","233","10","1","14","40"
"1","[2016-10-01 15:00:00,2016-10-01 15:20:00)","0","193","10","1","15","0"
"3","[2016-10-01 15:00:00,2016-10-01 15:20:00)","0","103","10","1","15","0"
"3","[2016-10-01 15:20:00,2016-10-01 15:40:00)","0","105","10","1","15","20"
"1","[2016-10-01 15:20:00,2016-10-01 15:40:00)","0","164","10","1","15","20"
"3","[2016-10-01 15:40:00,2016-10-01 16:00:00)","0","80","10","1","15","40"
"1","[2016-10-01 15:40:00,2016-10-01 16:00:00)","0","166","10","1","15","40"
"1","[2016-10-01 16:00:00,2016-10-01 16:20:00)","0","176","10","1","16","0"
"3","[2016-10-01 16:00:00,2016-10-01 16:20:00)","0","89","10","1","16","0"
"1","[2016-10-01 16:20:00,2016-10-01 16:40:00)","0","186","10","1","16","20"
"3","[2016-10-01 16:20:00,2016-10-01 16:40:00)","0","84","10","1","16","20"
"1","[2016-10-01 16:40:00,2016-10-01 17:00:00)","0","149","10","1","16","40"
"3","[2016-10-01 16:40:00,2016-10-01 17:00:00)","0","82","10","1","16","40"
"1","[2016-10-01 17:00:00,2016-10-01 17:20:00)","0","148","10","1","17","0"
"3","[2016-10-01 17:00:00,2016-10-01 17:20:00)","0","52","10","1","17","0"
"1","[2016-10-01 17:20:00,2016-10-01 17:40:00)","0","123","10","1","17","20"
"3","[2016-10-01 17:20:00,2016-10-01 17:40:00)","0","77","10","1","17","20"
"1","[2016-10-01 17:40:00,2016-10-01 18:00:00)","0","84","10","1","17","40"
"3","[2016-10-01 17:40:00,2016-10-01 18:00:00)","0","74","10","1","17","40"
"1","[2016-10-01 18:00:00,2016-10-01 18:20:00)","0","88","10","1","18","0"
"3","[2016-10-01 18:00:00,2016-10-01 18:20:00)","0","77","10","1","18","0"
"1","[2016-10-01 18:20:00,2016-10-01 18:40:00)","0","77","10","1","18","20"
"3","[2016-10-01 18:20:00,2016-10-01 18:40:00)","0","43","10","1","18","20"
"3","[2016-10-01 18:40:00,2016-10-01 19:00:00)","0","59","10","1","18","40"
"1","[2016-10-01 18:40:00,2016-10-01 19:00:00)","0","84","10","1","18","40"
"3","[2016-10-01 19:00:00,2016-10-01 19:20:00)","0","47","10","1","19","0"
"1","[2016-10-01 19:00:00,2016-10-01 19:20:00)","0","68","10","1","19","0"
"1","[2016-10-01 19:20:00,2016-10-01 19:40:00)","0","70","10","1","19","20"
"3","[2016-10-01 19:20:00,2016-10-01 19:40:00)","0","34","10","1","19","20"
"3","[2016-10-01 19:40:00,2016-10-01 20:00:00)","0","58","10","1","19","40"
"1","[2016-10-01 19:40:00,2016-10-01 20:00:00)","0","83","10","1","19","40"
"3","[2016-10-01 20:00:00,2016-10-01 20:20:00)","0","43","10","1","20","0"
"1","[2016-10-01 20:00:00,2016-10-01 20:20:00)","0","83","10","1","20","0"
"3","[2016-10-01 20:20:00,2016-10-01 20:40:00)","0","45","10","1","20","20"
"1","[2016-10-01 20:20:00,2016-10-01 20:40:00)","0","54","10","1","20","20"
"3","[2016-10-01 20:40:00,2016-10-01 21:00:00)","0","60","10","1","20","40"
"1","[2016-10-01 20:40:00,2016-10-01 21:00:00)","0","74","10","1","20","40"
"3","[2016-10-01 21:00:00,2016-10-01 21:20:00)","0","49","10","1","21","0"
"1","[2016-10-01 21:00:00,2016-10-01 21:20:00)","0","47","10","1","21","0"
"3","[2016-10-01 21:20:00,2016-10-01 21:40:00)","0","35","10","1","21","20"
"1","[2016-10-01 21:20:00,2016-10-01 21:40:00)","0","47","10","1","21","20"
"3","[2016-10-01 21:40:00,2016-10-01 22:00:00)","0","34","10","1","21","40"
"1","[2016-10-01 21:40:00,2016-10-01 22:00:00)","0","46","10","1","21","40"
"3","[2016-10-01 22:00:00,2016-10-01 22:20:00)","0","34","10","1","22","0"
"1","[2016-10-01 22:00:00,2016-10-01 22:20:00)","0","42","10","1","22","0"
"1","[2016-10-01 22:20:00,2016-10-01 22:40:00)","0","19","10","1","22","20"
"3","[2016-10-01 22:20:00,2016-10-01 22:40:00)","0","29","10","1","22","20"
"3","[2016-10-01 22:40:00,2016-10-01 23:00:00)","0","17","10","1","22","40"
"1","[2016-10-01 22:40:00,2016-10-01 23:00:00)","0","38","10","1","22","40"
"3","[2016-10-01 23:00:00,2016-10-01 23:20:00)","0","26","10","1","23","0"
"1","[2016-10-01 23:00:00,2016-10-01 23:20:00)","0","32","10","1","23","0"
"1","[2016-10-01 23:20:00,2016-10-01 23:40:00)","0","16","10","1","23","20"
"3","[2016-10-02 00:00:00,2016-10-02 00:20:00)","0","6","10","2","0","0"
"1","[2016-10-02 00:00:00,2016-10-02 00:20:00)","0","13","10","2","0","0"
"1","[2016-10-02 00:20:00,2016-10-02 00:40:00)","0","7","10","2","0","20"
"3","[2016-10-02 00:20:00,2016-10-02 00:40:00)","0","10","10","2","0","20"
"3","[2016-10-02 00:40:00,2016-10-02 01:00:00)","0","13","10","2","0","40"
"1","[2016-10-02 00:40:00,2016-10-02 01:00:00)","0","3","10","2","0","40"
"1","[2016-10-02 01:00:00,2016-10-02 01:20:00)","0","3","10","2","1","0"
"3","[2016-10-02 01:00:00,2016-10-02 01:20:00)","0","12","10","2","1","0"
"1","[2016-10-02 01:20:00,2016-10-02 01:40:00)","0","6","10","2","1","20"
"3","[2016-10-02 01:20:00,2016-10-02 01:40:00)","0","8","10","2","1","20"
"3","[2016-10-02 01:40:00,2016-10-02 02:00:00)","0","8","10","2","1","40"
"1","[2016-10-02 01:40:00,2016-10-02 02:00:00)","0","3","10","2","1","40"
"3","[2016-10-02 02:00:00,2016-10-02 02:20:00)","0","11","10","2","2","0"
"1","[2016-10-02 02:00:00,2016-10-02 02:20:00)","0","15","10","2","2","0"
"3","[2016-10-02 02:20:00,2016-10-02 02:40:00)","0","7","10","2","2","20"
"1","[2016-10-02 02:20:00,2016-10-02 02:40:00)","0","5","10","2","2","20"
"3","[2016-10-02 02:40:00,2016-10-02 03:00:00)","0","15","10","2","2","40"
"1","[2016-10-02 02:40:00,2016-10-02 03:00:00)","0","3","10","2","2","40"
"3","[2016-10-02 03:00:00,2016-10-02 03:20:00)","0","14","10","2","3","0"
"1","[2016-10-02 03:00:00,2016-10-02 03:20:00)","0","5","10","2","3","0"
"3","[2016-10-02 03:20:00,2016-10-02 03:40:00)","0","7","10","2","3","20"
"1","[2016-10-02 03:20:00,2016-10-02 03:40:00)","0","7","10","2","3","20"
"3","[2016-10-02 03:40:00,2016-10-02 04:00:00)","0","11","10","2","3","40"
"1","[2016-10-02 03:40:00,2016-10-02 04:00:00)","0","3","10","2","3","40"
"1","[2016-10-02 04:00:00,2016-10-02 04:20:00)","0","7","10","2","4","0"
"3","[2016-10-02 04:00:00,2016-10-02 04:20:00)","0","7","10","2","4","0"
"3","[2016-10-02 04:20:00,2016-10-02 04:40:00)","0","18","10","2","4","20"
"1","[2016-10-02 04:20:00,2016-10-02 04:40:00)","0","7","10","2","4","20"
"1","[2016-10-02 04:40:00,2016-10-02 05:00:00)","0","20","10","2","4","40"
"3","[2016-10-02 04:40:00,2016-10-02 05:00:00)","0","10","10","2","4","40"
"1","[2016-10-02 05:00:00,2016-10-02 05:20:00)","0","18","10","2","5","0"
"3","[2016-10-02 05:00:00,2016-10-02 05:20:00)","0","13","10","2","5","0"
"3","[2016-10-02 05:20:00,2016-10-02 05:40:00)","0","11","10","2","5","20"
"1","[2016-10-02 05:20:00,2016-10-02 05:40:00)","0","23","10","2","5","20"
"1","[2016-10-02 05:40:00,2016-10-02 06:00:00)","0","36","10","2","5","40"
"3","[2016-10-02 05:40:00,2016-10-02 06:00:00)","0","22","10","2","5","40"
"3","[2016-10-02 06:00:00,2016-10-02 06:20:00)","0","30","10","2","6","0"
"1","[2016-10-02 06:00:00,2016-10-02 06:20:00)","0","58","10","2","6","0"
"3","[2016-10-02 06:20:00,2016-10-02 06:40:00)","0","33","10","2","6","20"
"1","[2016-10-02 06:20:00,2016-10-02 06:40:00)","0","69","10","2","6","20"
"1","[2016-10-02 06:40:00,2016-10-02 07:00:00)","0","60","10","2","6","40"
"3","[2016-10-02 06:40:00,2016-10-02 07:00:00)","0","47","10","2","6","40"
"3","[2016-10-02 07:00:00,2016-10-02 07:20:00)","0","57","10","2","7","0"
"1","[2016-10-02 07:00:00,2016-10-02 07:20:00)","0","156","10","2","7","0"
"3","[2016-10-02 07:20:00,2016-10-02 07:40:00)","0","76","10","2","7","20"
"1","[2016-10-02 07:20:00,2016-10-02 07:40:00)","0","147","10","2","7","20"
"1","[2016-10-02 07:40:00,2016-10-02 08:00:00)","0","153","10","2","7","40"
"3","[2016-10-02 07:40:00,2016-10-02 08:00:00)","0","77","10","2","7","40"
"3","[2016-10-02 08:00:00,2016-10-02 08:20:00)","0","110","10","2","8","0"
"1","[2016-10-02 08:00:00,2016-10-02 08:20:00)","0","180","10","2","8","0"
"1","[2016-10-02 08:20:00,2016-10-02 08:40:00)","0","220","10","2","8","20"
"3","[2016-10-02 08:20:00,2016-10-02 08:40:00)","0","106","10","2","8","20"
"1","[2016-10-02 08:40:00,2016-10-02 09:00:00)","0","254","10","2","8","40"
"3","[2016-10-02 08:40:00,2016-10-02 09:00:00)","0","117","10","2","8","40"
"1","[2016-10-02 09:00:00,2016-10-02 09:20:00)","0","244","10","2","9","0"
"3","[2016-10-02 09:00:00,2016-10-02 09:20:00)","0","142","10","2","9","0"
"1","[2016-10-02 09:20:00,2016-10-02 09:40:00)","0","257","10","2","9","20"
"3","[2016-10-02 09:20:00,2016-10-02 09:40:00)","0","134","10","2","9","20"
"1","[2016-10-02 09:40:00,2016-10-02 10:00:00)","0","190","10","2","9","40"
"3","[2016-10-02 09:40:00,2016-10-02 10:00:00)","0","117","10","2","9","40"
"1","[2016-10-02 10:00:00,2016-10-02 10:20:00)","0","112","10","2","10","0"
"3","[2016-10-02 10:00:00,2016-10-02 10:20:00)","0","131","10","2","10","0"
"3","[2016-10-02 10:20:00,2016-10-02 10:40:00)","0","134","10","2","10","20"
"1","[2016-10-02 10:20:00,2016-10-02 10:40:00)","0","123","10","2","10","20"
"1","[2016-10-02 10:40:00,2016-10-02 11:00:00)","0","182","10","2","10","40"
"3","[2016-10-02 10:40:00,2016-10-02 11:00:00)","0","92","10","2","10","40"
"3","[2016-10-02 11:00:00,2016-10-02 11:20:00)","0","42","10","2","11","0"
"1","[2016-10-02 11:00:00,2016-10-02 11:20:00)","0","141","10","2","11","0"
"3","[2016-10-02 11:20:00,2016-10-02 11:40:00)","0","40","10","2","11","20"
"1","[2016-10-02 11:20:00,2016-10-02 11:40:00)","0","139","10","2","11","20"
"1","[2016-10-02 11:40:00,2016-10-02 12:00:00)","0","137","10","2","11","40"
"3","[2016-10-02 11:40:00,2016-10-02 12:00:00)","0","46","10","2","11","40"
"3","[2016-10-02 12:00:00,2016-10-02 12:20:00)","0","62","10","2","12","0"
"1","[2016-10-02 12:00:00,2016-10-02 12:20:00)","0","131","10","2","12","0"
"1","[2016-10-02 12:20:00,2016-10-02 12:40:00)","0","129","10","2","12","20"
"3","[2016-10-02 12:20:00,2016-10-02 12:40:00)","0","63","10","2","12","20"
"3","[2016-10-02 12:40:00,2016-10-02 13:00:00)","0","76","10","2","12","40"
"1","[2016-10-02 12:40:00,2016-10-02 13:00:00)","0","158","10","2","12","40"
"1","[2016-10-02 13:00:00,2016-10-02 13:20:00)","0","155","10","2","13","0"
"3","[2016-10-02 13:00:00,2016-10-02 13:20:00)","0","92","10","2","13","0"
"1","[2016-10-02 13:20:00,2016-10-02 13:40:00)","0","172","10","2","13","20"
"3","[2016-10-02 13:20:00,2016-10-02 13:40:00)","0","128","10","2","13","20"
"3","[2016-10-02 13:40:00,2016-10-02 14:00:00)","0","113","10","2","13","40"
"1","[2016-10-02 13:40:00,2016-10-02 14:00:00)","0","183","10","2","13","40"
"3","[2016-10-02 14:00:00,2016-10-02 14:20:00)","0","128","10","2","14","0"
"1","[2016-10-02 14:00:00,2016-10-02 14:20:00)","0","145","10","2","14","0"
"3","[2016-10-02 14:20:00,2016-10-02 14:40:00)","0","134","10","2","14","20"
"1","[2016-10-02 14:20:00,2016-10-02 14:40:00)","0","169","10","2","14","20"
"1","[2016-10-02 14:40:00,2016-10-02 15:00:00)","0","169","10","2","14","40"
"3","[2016-10-02 14:40:00,2016-10-02 15:00:00)","0","139","10","2","14","40"
"1","[2016-10-02 15:00:00,2016-10-02 15:20:00)","0","162","10","2","15","0"
"3","[2016-10-02 15:00:00,2016-10-02 15:20:00)","0","123","10","2","15","0"
"1","[2016-10-02 15:20:00,2016-10-02 15:40:00)","0","155","10","2","15","20"
"3","[2016-10-02 15:20:00,2016-10-02 15:40:00)","0","120","10","2","15","20"
"3","[2016-10-02 15:40:00,2016-10-02 16:00:00)","0","78","10","2","15","40"
"1","[2016-10-02 15:40:00,2016-10-02 16:00:00)","0","144","10","2","15","40"
"1","[2016-10-02 16:00:00,2016-10-02 16:20:00)","0","145","10","2","16","0"
"3","[2016-10-02 16:00:00,2016-10-02 16:20:00)","0","65","10","2","16","0"
"1","[2016-10-02 16:20:00,2016-10-02 16:40:00)","0","149","10","2","16","20"
"3","[2016-10-02 16:20:00,2016-10-02 16:40:00)","0","66","10","2","16","20"
"1","[2016-10-02 16:40:00,2016-10-02 17:00:00)","0","109","10","2","16","40"
"3","[2016-10-02 16:40:00,2016-10-02 17:00:00)","0","80","10","2","16","40"
"1","[2016-10-02 17:00:00,2016-10-02 17:20:00)","0","153","10","2","17","0"
"3","[2016-10-02 17:00:00,2016-10-02 17:20:00)","0","79","10","2","17","0"
"1","[2016-10-02 17:20:00,2016-10-02 17:40:00)","0","127","10","2","17","20"
"3","[2016-10-02 17:20:00,2016-10-02 17:40:00)","0","74","10","2","17","20"
"1","[2016-10-02 17:40:00,2016-10-02 18:00:00)","0","102","10","2","17","40"
"3","[2016-10-02 17:40:00,2016-10-02 18:00:00)","0","73","10","2","17","40"
"1","[2016-10-02 18:00:00,2016-10-02 18:20:00)","0","89","10","2","18","0"
"3","[2016-10-02 18:00:00,2016-10-02 18:20:00)","0","63","10","2","18","0"
"1","[2016-10-02 18:20:00,2016-10-02 18:40:00)","0","101","10","2","18","20"
"3","[2016-10-02 18:20:00,2016-10-02 18:40:00)","0","44","10","2","18","20"
"1","[2016-10-02 18:40:00,2016-10-02 19:00:00)","0","69","10","2","18","40"
"3","[2016-10-02 18:40:00,2016-10-02 19:00:00)","0","57","10","2","18","40"
"3","[2016-10-02 19:00:00,2016-10-02 19:20:00)","0","59","10","2","19","0"
"1","[2016-10-02 19:00:00,2016-10-02 19:20:00)","0","90","10","2","19","0"
"1","[2016-10-02 19:20:00,2016-10-02 19:40:00)","0","77","10","2","19","20"
"3","[2016-10-02 19:20:00,2016-10-02 19:40:00)","0","56","10","2","19","20"
"3","[2016-10-02 19:40:00,2016-10-02 20:00:00)","0","55","10","2","19","40"
"1","[2016-10-02 19:40:00,2016-10-02 20:00:00)","0","68","10","2","19","40"
"1","[2016-10-02 20:00:00,2016-10-02 20:20:00)","0","72","10","2","20","0"
"3","[2016-10-02 20:00:00,2016-10-02 20:20:00)","0","49","10","2","20","0"
"1","[2016-10-02 20:20:00,2016-10-02 20:40:00)","0","89","10","2","20","20"
"3","[2016-10-02 20:20:00,2016-10-02 20:40:00)","0","39","10","2","20","20"
"1","[2016-10-02 20:40:00,2016-10-02 21:00:00)","0","72","10","2","20","40"
"3","[2016-10-02 20:40:00,2016-10-02 21:00:00)","0","45","10","2","20","40"
"3","[2016-10-02 21:00:00,2016-10-02 21:20:00)","0","44","10","2","21","0"
"1","[2016-10-02 21:00:00,2016-10-02 21:20:00)","0","56","10","2","21","0"
"3","[2016-10-02 21:20:00,2016-10-02 21:40:00)","0","54","10","2","21","20"
"1","[2016-10-02 21:20:00,2016-10-02 21:40:00)","0","41","10","2","21","20"
"1","[2016-10-02 21:40:00,2016-10-02 22:00:00)","0","49","10","2","21","40"
"3","[2016-10-02 21:40:00,2016-10-02 22:00:00)","0","36","10","2","21","40"
"3","[2016-10-02 22:00:00,2016-10-02 22:20:00)","0","28","10","2","22","0"
"1","[2016-10-02 22:00:00,2016-10-02 22:20:00)","0","51","10","2","22","0"
"3","[2016-10-02 22:20:00,2016-10-02 22:40:00)","0","21","10","2","22","20"
"1","[2016-10-02 22:20:00,2016-10-02 22:40:00)","0","26","10","2","22","20"
"1","[2016-10-02 22:40:00,2016-10-02 23:00:00)","0","28","10","2","22","40"
"3","[2016-10-02 22:40:00,2016-10-02 23:00:00)","0","17","10","2","22","40"
"3","[2016-10-02 23:00:00,2016-10-02 23:20:00)","0","14","10","2","23","0"
"1","[2016-10-02 23:20:00,2016-10-02 23:40:00)","0","8","10","2","23","20"
"3","[2016-10-02 23:20:00,2016-10-02 23:40:00)","0","14","10","2","23","20"
"1","[2016-10-02 23:40:00,2016-10-03 00:00:00)","0","13","10","2","23","40"
"3","[2016-10-02 23:40:00,2016-10-03 00:00:00)","0","9","10","2","23","40"
"1","[2016-10-03 00:00:00,2016-10-03 00:20:00)","0","20","10","3","0","0"
"3","[2016-10-03 00:00:00,2016-10-03 00:20:00)","0","10","10","3","0","0"
"3","[2016-10-03 00:20:00,2016-10-03 00:40:00)","0","8","10","3","0","20"
"1","[2016-10-03 00:20:00,2016-10-03 00:40:00)","0","10","10","3","0","20"
"3","[2016-10-03 00:40:00,2016-10-03 01:00:00)","0","11","10","3","0","40"
"1","[2016-10-03 00:40:00,2016-10-03 01:00:00)","0","7","10","3","0","40"
"1","[2016-10-03 01:00:00,2016-10-03 01:20:00)","0","6","10","3","1","0"
"3","[2016-10-03 01:00:00,2016-10-03 01:20:00)","0","12","10","3","1","0"
"3","[2016-10-03 01:20:00,2016-10-03 01:40:00)","0","10","10","3","1","20"
"1","[2016-10-03 01:20:00,2016-10-03 01:40:00)","0","8","10","3","1","20"
"1","[2016-10-03 01:40:00,2016-10-03 02:00:00)","0","8","10","3","1","40"
"3","[2016-10-03 01:40:00,2016-10-03 02:00:00)","0","7","10","3","1","40"
"3","[2016-10-03 02:00:00,2016-10-03 02:20:00)","0","7","10","3","2","0"
"1","[2016-10-03 02:00:00,2016-10-03 02:20:00)","0","7","10","3","2","0"
"3","[2016-10-03 02:20:00,2016-10-03 02:40:00)","0","8","10","3","2","20"
"1","[2016-10-03 02:20:00,2016-10-03 02:40:00)","0","1","10","3","2","20"
"3","[2016-10-03 02:40:00,2016-10-03 03:00:00)","0","10","10","3","2","40"
"1","[2016-10-03 02:40:00,2016-10-03 03:00:00)","0","3","10","3","2","40"
"3","[2016-10-03 03:00:00,2016-10-03 03:20:00)","0","14","10","3","3","0"
"1","[2016-10-03 03:00:00,2016-10-03 03:20:00)","0","1","10","3","3","0"
"3","[2016-10-03 03:20:00,2016-10-03 03:40:00)","0","5","10","3","3","20"
"1","[2016-10-03 03:20:00,2016-10-03 03:40:00)","0","4","10","3","3","20"
"3","[2016-10-03 03:40:00,2016-10-03 04:00:00)","0","6","10","3","3","40"
"1","[2016-10-03 03:40:00,2016-10-03 04:00:00)","0","7","10","3","3","40"
"1","[2016-10-03 04:00:00,2016-10-03 04:20:00)","0","6","10","3","4","0"
"3","[2016-10-03 04:00:00,2016-10-03 04:20:00)","0","9","10","3","4","0"
"3","[2016-10-03 04:20:00,2016-10-03 04:40:00)","0","4","10","3","4","20"
"1","[2016-10-03 04:20:00,2016-10-03 04:40:00)","0","7","10","3","4","20"
"3","[2016-10-03 04:40:00,2016-10-03 05:00:00)","0","15","10","3","4","40"
"1","[2016-10-03 04:40:00,2016-10-03 05:00:00)","0","8","10","3","4","40"
"1","[2016-10-03 05:00:00,2016-10-03 05:20:00)","0","15","10","3","5","0"
"3","[2016-10-03 05:00:00,2016-10-03 05:20:00)","0","8","10","3","5","0"
"3","[2016-10-03 05:20:00,2016-10-03 05:40:00)","0","9","10","3","5","20"
"1","[2016-10-03 05:20:00,2016-10-03 05:40:00)","0","16","10","3","5","20"
"1","[2016-10-03 05:40:00,2016-10-03 06:00:00)","0","24","10","3","5","40"
"3","[2016-10-03 05:40:00,2016-10-03 06:00:00)","0","13","10","3","5","40"
"3","[2016-10-03 06:00:00,2016-10-03 06:20:00)","0","24","10","3","6","0"
"1","[2016-10-03 06:00:00,2016-10-03 06:20:00)","0","32","10","3","6","0"
"1","[2016-10-03 06:20:00,2016-10-03 06:40:00)","0","63","10","3","6","20"
"3","[2016-10-03 06:20:00,2016-10-03 06:40:00)","0","40","10","3","6","20"
"1","[2016-10-03 06:40:00,2016-10-03 07:00:00)","0","61","10","3","6","40"
"3","[2016-10-03 06:40:00,2016-10-03 07:00:00)","0","46","10","3","6","40"
"1","[2016-10-03 07:00:00,2016-10-03 07:20:00)","0","79","10","3","7","0"
"3","[2016-10-03 07:00:00,2016-10-03 07:20:00)","0","58","10","3","7","0"
"3","[2016-10-03 07:20:00,2016-10-03 07:40:00)","0","75","10","3","7","20"
"1","[2016-10-03 07:20:00,2016-10-03 07:40:00)","0","99","10","3","7","20"
"3","[2016-10-03 07:40:00,2016-10-03 08:00:00)","0","87","10","3","7","40"
"1","[2016-10-03 07:40:00,2016-10-03 08:00:00)","0","135","10","3","7","40"
"3","[2016-10-03 08:00:00,2016-10-03 08:20:00)","0","100","10","3","8","0"
"1","[2016-10-03 08:00:00,2016-10-03 08:20:00)","0","176","10","3","8","0"
"1","[2016-10-03 08:20:00,2016-10-03 08:40:00)","0","174","10","3","8","20"
"3","[2016-10-03 08:20:00,2016-10-03 08:40:00)","0","110","10","3","8","20"
"1","[2016-10-03 08:40:00,2016-10-03 09:00:00)","0","194","10","3","8","40"
"3","[2016-10-03 08:40:00,2016-10-03 09:00:00)","0","112","10","3","8","40"
"3","[2016-10-03 09:00:00,2016-10-03 09:20:00)","0","162","10","3","9","0"
"1","[2016-10-03 09:00:00,2016-10-03 09:20:00)","0","78","10","3","9","0"
"3","[2016-10-03 09:20:00,2016-10-03 09:40:00)","0","132","10","3","9","20"
"1","[2016-10-03 09:20:00,2016-10-03 09:40:00)","0","159","10","3","9","20"
"1","[2016-10-03 09:40:00,2016-10-03 10:00:00)","0","152","10","3","9","40"
"3","[2016-10-03 09:40:00,2016-10-03 10:00:00)","0","177","10","3","9","40"
"3","[2016-10-03 10:00:00,2016-10-03 10:20:00)","0","149","10","3","10","0"
"1","[2016-10-03 10:00:00,2016-10-03 10:20:00)","0","148","10","3","10","0"
"1","[2016-10-03 10:20:00,2016-10-03 10:40:00)","0","121","10","3","10","20"
"3","[2016-10-03 10:20:00,2016-10-03 10:40:00)","0","137","10","3","10","20"
"3","[2016-10-03 10:40:00,2016-10-03 11:00:00)","0","123","10","3","10","40"
"1","[2016-10-03 10:40:00,2016-10-03 11:00:00)","0","100","10","3","10","40"
"1","[2016-10-03 11:00:00,2016-10-03 11:20:00)","0","86","10","3","11","0"
"3","[2016-10-03 11:00:00,2016-10-03 11:20:00)","0","87","10","3","11","0"
"1","[2016-10-03 11:20:00,2016-10-03 11:40:00)","0","162","10","3","11","20"
"3","[2016-10-03 11:20:00,2016-10-03 11:40:00)","0","74","10","3","11","20"
"1","[2016-10-03 11:40:00,2016-10-03 12:00:00)","0","102","10","3","11","40"
"3","[2016-10-03 11:40:00,2016-10-03 12:00:00)","0","46","10","3","11","40"
"1","[2016-10-03 12:00:00,2016-10-03 12:20:00)","0","115","10","3","12","0"
"3","[2016-10-03 12:00:00,2016-10-03 12:20:00)","0","44","10","3","12","0"
"3","[2016-10-03 12:20:00,2016-10-03 12:40:00)","0","90","10","3","12","20"
"1","[2016-10-03 12:20:00,2016-10-03 12:40:00)","0","132","10","3","12","20"
"3","[2016-10-03 12:40:00,2016-10-03 13:00:00)","0","102","10","3","12","40"
"1","[2016-10-03 12:40:00,2016-10-03 13:00:00)","0","148","10","3","12","40"
"1","[2016-10-03 13:00:00,2016-10-03 13:20:00)","0","147","10","3","13","0"
"3","[2016-10-03 13:00:00,2016-10-03 13:20:00)","0","76","10","3","13","0"
"1","[2016-10-03 13:20:00,2016-10-03 13:40:00)","0","160","10","3","13","20"
"3","[2016-10-03 13:20:00,2016-10-03 13:40:00)","0","69","10","3","13","20"
"3","[2016-10-03 13:40:00,2016-10-03 14:00:00)","0","105","10","3","13","40"
"1","[2016-10-03 13:40:00,2016-10-03 14:00:00)","0","159","10","3","13","40"
"3","[2016-10-03 14:00:00,2016-10-03 14:20:00)","0","113","10","3","14","0"
"1","[2016-10-03 14:00:00,2016-10-03 14:20:00)","0","162","10","3","14","0"
"3","[2016-10-03 14:20:00,2016-10-03 14:40:00)","0","94","10","3","14","20"
"1","[2016-10-03 14:20:00,2016-10-03 14:40:00)","0","183","10","3","14","20"
"3","[2016-10-03 14:40:00,2016-10-03 15:00:00)","0","94","10","3","14","40"
"1","[2016-10-03 14:40:00,2016-10-03 15:00:00)","0","164","10","3","14","40"
"1","[2016-10-03 15:00:00,2016-10-03 15:20:00)","0","159","10","3","15","0"
"3","[2016-10-03 15:00:00,2016-10-03 15:20:00)","0","86","10","3","15","0"
"1","[2016-10-03 15:20:00,2016-10-03 15:40:00)","0","164","10","3","15","20"
"3","[2016-10-03 15:20:00,2016-10-03 15:40:00)","0","90","10","3","15","20"
"3","[2016-10-03 15:40:00,2016-10-03 16:00:00)","0","75","10","3","15","40"
"1","[2016-10-03 15:40:00,2016-10-03 16:00:00)","0","154","10","3","15","40"
"3","[2016-10-03 16:00:00,2016-10-03 16:20:00)","0","81","10","3","16","0"
"1","[2016-10-03 16:00:00,2016-10-03 16:20:00)","0","133","10","3","16","0"
"1","[2016-10-03 16:20:00,2016-10-03 16:40:00)","0","127","10","3","16","20"
"3","[2016-10-03 16:20:00,2016-10-03 16:40:00)","0","78","10","3","16","20"
"1","[2016-10-03 16:40:00,2016-10-03 17:00:00)","0","91","10","3","16","40"
"3","[2016-10-03 16:40:00,2016-10-03 17:00:00)","0","71","10","3","16","40"
"1","[2016-10-03 17:00:00,2016-10-03 17:20:00)","0","140","10","3","17","0"
"3","[2016-10-03 17:00:00,2016-10-03 17:20:00)","0","77","10","3","17","0"
"1","[2016-10-03 17:20:00,2016-10-03 17:40:00)","0","101","10","3","17","20"
"3","[2016-10-03 17:20:00,2016-10-03 17:40:00)","0","72","10","3","17","20"
"3","[2016-10-03 17:40:00,2016-10-03 18:00:00)","0","66","10","3","17","40"
"1","[2016-10-03 17:40:00,2016-10-03 18:00:00)","0","99","10","3","17","40"
"3","[2016-10-03 18:00:00,2016-10-03 18:20:00)","0","64","10","3","18","0"
"1","[2016-10-03 18:00:00,2016-10-03 18:20:00)","0","95","10","3","18","0"
"1","[2016-10-03 18:20:00,2016-10-03 18:40:00)","0","82","10","3","18","20"
"3","[2016-10-03 18:20:00,2016-10-03 18:40:00)","0","61","10","3","18","20"
"3","[2016-10-03 18:40:00,2016-10-03 19:00:00)","0","60","10","3","18","40"
"1","[2016-10-03 18:40:00,2016-10-03 19:00:00)","0","79","10","3","18","40"
"3","[2016-10-03 19:00:00,2016-10-03 19:20:00)","0","69","10","3","19","0"
"1","[2016-10-03 19:00:00,2016-10-03 19:20:00)","0","75","10","3","19","0"
"3","[2016-10-03 19:20:00,2016-10-03 19:40:00)","0","54","10","3","19","20"
"1","[2016-10-03 19:20:00,2016-10-03 19:40:00)","0","78","10","3","19","20"
"1","[2016-10-03 19:40:00,2016-10-03 20:00:00)","0","79","10","3","19","40"
"3","[2016-10-03 19:40:00,2016-10-03 20:00:00)","0","29","10","3","19","40"
"1","[2016-10-03 20:00:00,2016-10-03 20:20:00)","0","63","10","3","20","0"
"3","[2016-10-03 20:00:00,2016-10-03 20:20:00)","0","35","10","3","20","0"
"1","[2016-10-03 20:20:00,2016-10-03 20:40:00)","0","64","10","3","20","20"
"3","[2016-10-03 20:20:00,2016-10-03 20:40:00)","0","32","10","3","20","20"
"1","[2016-10-03 20:40:00,2016-10-03 21:00:00)","0","61","10","3","20","40"
"3","[2016-10-03 20:40:00,2016-10-03 21:00:00)","0","33","10","3","20","40"
"1","[2016-10-03 21:00:00,2016-10-03 21:20:00)","0","61","10","3","21","0"
"3","[2016-10-03 21:00:00,2016-10-03 21:20:00)","0","53","10","3","21","0"
"1","[2016-10-03 21:20:00,2016-10-03 21:40:00)","0","59","10","3","21","20"
"3","[2016-10-03 21:20:00,2016-10-03 21:40:00)","0","42","10","3","21","20"
"3","[2016-10-03 21:40:00,2016-10-03 22:00:00)","0","42","10","3","21","40"
"1","[2016-10-03 21:40:00,2016-10-03 22:00:00)","0","51","10","3","21","40"
"1","[2016-10-03 22:00:00,2016-10-03 22:20:00)","0","28","10","3","22","0"
"3","[2016-10-03 22:00:00,2016-10-03 22:20:00)","0","18","10","3","22","0"
"3","[2016-10-03 22:20:00,2016-10-03 22:40:00)","0","20","10","3","22","20"
"1","[2016-10-03 22:20:00,2016-10-03 22:40:00)","0","38","10","3","22","20"
"1","[2016-10-03 22:40:00,2016-10-03 23:00:00)","0","35","10","3","22","40"
"3","[2016-10-03 22:40:00,2016-10-03 23:00:00)","0","17","10","3","22","40"
"1","[2016-10-03 23:00:00,2016-10-03 23:20:00)","0","34","10","3","23","0"
"3","[2016-10-03 23:00:00,2016-10-03 23:20:00)","0","18","10","3","23","0"
"1","[2016-10-03 23:20:00,2016-10-03 23:40:00)","0","18","10","3","23","20"
"3","[2016-10-03 23:20:00,2016-10-03 23:40:00)","0","19","10","3","23","20"
"3","[2016-10-03 23:40:00,2016-10-04 00:00:00)","0","10","10","3","23","40"
"1","[2016-10-03 23:40:00,2016-10-04 00:00:00)","0","19","10","3","23","40"
"1","[2016-10-04 00:00:00,2016-10-04 00:20:00)","0","9","10","4","0","0"
"3","[2016-10-04 00:00:00,2016-10-04 00:20:00)","0","13","10","4","0","0"
"1","[2016-10-04 00:20:00,2016-10-04 00:40:00)","0","16","10","4","0","20"
"3","[2016-10-04 00:20:00,2016-10-04 00:40:00)","0","12","10","4","0","20"
"1","[2016-10-04 00:40:00,2016-10-04 01:00:00)","0","13","10","4","0","40"
"3","[2016-10-04 00:40:00,2016-10-04 01:00:00)","0","11","10","4","0","40"
"1","[2016-10-04 01:00:00,2016-10-04 01:20:00)","0","9","10","4","1","0"
"3","[2016-10-04 01:00:00,2016-10-04 01:20:00)","0","9","10","4","1","0"
"3","[2016-10-04 01:20:00,2016-10-04 01:40:00)","0","13","10","4","1","20"
"1","[2016-10-04 01:20:00,2016-10-04 01:40:00)","0","8","10","4","1","20"
"1","[2016-10-04 01:40:00,2016-10-04 02:00:00)","0","8","10","4","1","40"
"3","[2016-10-04 01:40:00,2016-10-04 02:00:00)","0","7","10","4","1","40"
"1","[2016-10-04 02:00:00,2016-10-04 02:20:00)","0","7","10","4","2","0"
"3","[2016-10-04 02:00:00,2016-10-04 02:20:00)","0","6","10","4","2","0"
"3","[2016-10-04 02:20:00,2016-10-04 02:40:00)","0","7","10","4","2","20"
"1","[2016-10-04 02:20:00,2016-10-04 02:40:00)","0","5","10","4","2","20"
"1","[2016-10-04 02:40:00,2016-10-04 03:00:00)","0","5","10","4","2","40"
"3","[2016-10-04 02:40:00,2016-10-04 03:00:00)","0","14","10","4","2","40"
"1","[2016-10-04 03:00:00,2016-10-04 03:20:00)","0","5","10","4","3","0"
"3","[2016-10-04 03:00:00,2016-10-04 03:20:00)","0","6","10","4","3","0"
"3","[2016-10-04 03:20:00,2016-10-04 03:40:00)","0","10","10","4","3","20"
"1","[2016-10-04 03:20:00,2016-10-04 03:40:00)","0","2","10","4","3","20"
"1","[2016-10-04 03:40:00,2016-10-04 04:00:00)","0","7","10","4","3","40"
"3","[2016-10-04 03:40:00,2016-10-04 04:00:00)","0","10","10","4","3","40"
"1","[2016-10-04 04:00:00,2016-10-04 04:20:00)","0","6","10","4","4","0"
"3","[2016-10-04 04:00:00,2016-10-04 04:20:00)","0","5","10","4","4","0"
"3","[2016-10-04 04:20:00,2016-10-04 04:40:00)","0","12","10","4","4","20"
"1","[2016-10-04 04:20:00,2016-10-04 04:40:00)","0","4","10","4","4","20"
"3","[2016-10-04 04:40:00,2016-10-04 05:00:00)","0","6","10","4","4","40"
"1","[2016-10-04 04:40:00,2016-10-04 05:00:00)","0","11","10","4","4","40"
"3","[2016-10-04 05:00:00,2016-10-04 05:20:00)","0","7","10","4","5","0"
"1","[2016-10-04 05:00:00,2016-10-04 05:20:00)","0","12","10","4","5","0"
"1","[2016-10-04 05:20:00,2016-10-04 05:40:00)","0","17","10","4","5","20"
"3","[2016-10-04 05:20:00,2016-10-04 05:40:00)","0","8","10","4","5","20"
"3","[2016-10-04 05:40:00,2016-10-04 06:00:00)","0","25","10","4","5","40"
"1","[2016-10-04 05:40:00,2016-10-04 06:00:00)","0","22","10","4","5","40"
"1","[2016-10-04 06:00:00,2016-10-04 06:20:00)","0","34","10","4","6","0"
"3","[2016-10-04 06:00:00,2016-10-04 06:20:00)","0","20","10","4","6","0"
"3","[2016-10-04 06:20:00,2016-10-04 06:40:00)","0","29","10","4","6","20"
"1","[2016-10-04 06:20:00,2016-10-04 06:40:00)","0","49","10","4","6","20"
"3","[2016-10-04 06:40:00,2016-10-04 07:00:00)","0","69","10","4","6","40"
"1","[2016-10-04 06:40:00,2016-10-04 07:00:00)","0","72","10","4","6","40"
"3","[2016-10-04 07:00:00,2016-10-04 07:20:00)","0","76","10","4","7","0"
"1","[2016-10-04 07:00:00,2016-10-04 07:20:00)","0","89","10","4","7","0"
"3","[2016-10-04 07:20:00,2016-10-04 07:40:00)","0","65","10","4","7","20"
"1","[2016-10-04 07:20:00,2016-10-04 07:40:00)","0","110","10","4","7","20"
"3","[2016-10-04 07:40:00,2016-10-04 08:00:00)","0","87","10","4","7","40"
"1","[2016-10-04 07:40:00,2016-10-04 08:00:00)","0","121","10","4","7","40"
"3","[2016-10-04 08:00:00,2016-10-04 08:20:00)","0","90","10","4","8","0"
"1","[2016-10-04 08:00:00,2016-10-04 08:20:00)","0","161","10","4","8","0"
"3","[2016-10-04 08:20:00,2016-10-04 08:40:00)","0","102","10","4","8","20"
"1","[2016-10-04 08:20:00,2016-10-04 08:40:00)","0","172","10","4","8","20"
"3","[2016-10-04 08:40:00,2016-10-04 09:00:00)","0","138","10","4","8","40"
"1","[2016-10-04 08:40:00,2016-10-04 09:00:00)","0","201","10","4","8","40"
"1","[2016-10-04 09:00:00,2016-10-04 09:20:00)","0","219","10","4","9","0"
"3","[2016-10-04 09:00:00,2016-10-04 09:20:00)","0","143","10","4","9","0"
"1","[2016-10-04 09:20:00,2016-10-04 09:40:00)","0","192","10","4","9","20"
"3","[2016-10-04 09:20:00,2016-10-04 09:40:00)","0","119","10","4","9","20"
"3","[2016-10-04 09:40:00,2016-10-04 10:00:00)","0","87","10","4","9","40"
"1","[2016-10-04 09:40:00,2016-10-04 10:00:00)","0","199","10","4","9","40"
"1","[2016-10-04 10:00:00,2016-10-04 10:20:00)","0","224","10","4","10","0"
"3","[2016-10-04 10:00:00,2016-10-04 10:20:00)","0","89","10","4","10","0"
"3","[2016-10-04 10:20:00,2016-10-04 10:40:00)","0","117","10","4","10","20"
"1","[2016-10-04 10:20:00,2016-10-04 10:40:00)","0","191","10","4","10","20"
"3","[2016-10-04 10:40:00,2016-10-04 11:00:00)","0","103","10","4","10","40"
"1","[2016-10-04 10:40:00,2016-10-04 11:00:00)","0","202","10","4","10","40"
"3","[2016-10-04 11:00:00,2016-10-04 11:20:00)","0","100","10","4","11","0"
"1","[2016-10-04 11:00:00,2016-10-04 11:20:00)","0","153","10","4","11","0"
"1","[2016-10-04 11:20:00,2016-10-04 11:40:00)","0","142","10","4","11","20"
"3","[2016-10-04 11:20:00,2016-10-04 11:40:00)","0","93","10","4","11","20"
"1","[2016-10-04 11:40:00,2016-10-04 12:00:00)","0","130","10","4","11","40"
"3","[2016-10-04 11:40:00,2016-10-04 12:00:00)","0","80","10","4","11","40"
"1","[2016-10-04 12:00:00,2016-10-04 12:20:00)","0","115","10","4","12","0"
"3","[2016-10-04 12:00:00,2016-10-04 12:20:00)","0","88","10","4","12","0"
"3","[2016-10-04 12:20:00,2016-10-04 12:40:00)","0","78","10","4","12","20"
"1","[2016-10-04 12:20:00,2016-10-04 12:40:00)","0","117","10","4","12","20"
"1","[2016-10-04 12:40:00,2016-10-04 13:00:00)","0","146","10","4","12","40"
"3","[2016-10-04 12:40:00,2016-10-04 13:00:00)","0","97","10","4","12","40"
"1","[2016-10-04 13:00:00,2016-10-04 13:20:00)","0","141","10","4","13","0"
"3","[2016-10-04 13:00:00,2016-10-04 13:20:00)","0","116","10","4","13","0"
"3","[2016-10-04 13:20:00,2016-10-04 13:40:00)","0","113","10","4","13","20"
"1","[2016-10-04 13:20:00,2016-10-04 13:40:00)","0","152","10","4","13","20"
"3","[2016-10-04 13:40:00,2016-10-04 14:00:00)","0","117","10","4","13","40"
"1","[2016-10-04 13:40:00,2016-10-04 14:00:00)","0","125","10","4","13","40"
"3","[2016-10-04 14:00:00,2016-10-04 14:20:00)","0","123","10","4","14","0"
"1","[2016-10-04 14:00:00,2016-10-04 14:20:00)","0","172","10","4","14","0"
"1","[2016-10-04 14:20:00,2016-10-04 14:40:00)","0","150","10","4","14","20"
"3","[2016-10-04 14:20:00,2016-10-04 14:40:00)","0","119","10","4","14","20"
"1","[2016-10-04 14:40:00,2016-10-04 15:00:00)","0","173","10","4","14","40"
"3","[2016-10-04 14:40:00,2016-10-04 15:00:00)","0","115","10","4","14","40"
"3","[2016-10-04 15:00:00,2016-10-04 15:20:00)","0","118","10","4","15","0"
"1","[2016-10-04 15:00:00,2016-10-04 15:20:00)","0","169","10","4","15","0"
"3","[2016-10-04 15:20:00,2016-10-04 15:40:00)","0","100","10","4","15","20"
"1","[2016-10-04 15:20:00,2016-10-04 15:40:00)","0","197","10","4","15","20"
"3","[2016-10-04 15:40:00,2016-10-04 16:00:00)","0","101","10","4","15","40"
"1","[2016-10-04 15:40:00,2016-10-04 16:00:00)","0","167","10","4","15","40"
"1","[2016-10-04 16:00:00,2016-10-04 16:20:00)","0","177","10","4","16","0"
"3","[2016-10-04 16:00:00,2016-10-04 16:20:00)","0","103","10","4","16","0"
"1","[2016-10-04 16:20:00,2016-10-04 16:40:00)","0","204","10","4","16","20"
"3","[2016-10-04 16:20:00,2016-10-04 16:40:00)","0","108","10","4","16","20"
"3","[2016-10-04 16:40:00,2016-10-04 17:00:00)","0","132","10","4","16","40"
"1","[2016-10-04 16:40:00,2016-10-04 17:00:00)","0","187","10","4","16","40"
"1","[2016-10-04 17:00:00,2016-10-04 17:20:00)","0","184","10","4","17","0"
"3","[2016-10-04 17:00:00,2016-10-04 17:20:00)","0","100","10","4","17","0"
"1","[2016-10-04 17:20:00,2016-10-04 17:40:00)","0","174","10","4","17","20"
"3","[2016-10-04 17:20:00,2016-10-04 17:40:00)","0","77","10","4","17","20"
"1","[2016-10-04 17:40:00,2016-10-04 18:00:00)","0","160","10","4","17","40"
"3","[2016-10-04 17:40:00,2016-10-04 18:00:00)","0","90","10","4","17","40"
"3","[2016-10-04 18:00:00,2016-10-04 18:20:00)","0","81","10","4","18","0"
"1","[2016-10-04 18:00:00,2016-10-04 18:20:00)","0","107","10","4","18","0"
"1","[2016-10-04 18:20:00,2016-10-04 18:40:00)","0","96","10","4","18","20"
"3","[2016-10-04 18:20:00,2016-10-04 18:40:00)","0","57","10","4","18","20"
"3","[2016-10-04 18:40:00,2016-10-04 19:00:00)","0","61","10","4","18","40"
"1","[2016-10-04 18:40:00,2016-10-04 19:00:00)","0","100","10","4","18","40"
"1","[2016-10-04 19:00:00,2016-10-04 19:20:00)","0","111","10","4","19","0"
"3","[2016-10-04 19:00:00,2016-10-04 19:20:00)","0","79","10","4","19","0"
"1","[2016-10-04 19:20:00,2016-10-04 19:40:00)","0","100","10","4","19","20"
"3","[2016-10-04 19:20:00,2016-10-04 19:40:00)","0","61","10","4","19","20"
"1","[2016-10-04 19:40:00,2016-10-04 20:00:00)","0","113","10","4","19","40"
"3","[2016-10-04 19:40:00,2016-10-04 20:00:00)","0","85","10","4","19","40"
"1","[2016-10-04 20:00:00,2016-10-04 20:20:00)","0","94","10","4","20","0"
"3","[2016-10-04 20:00:00,2016-10-04 20:20:00)","0","50","10","4","20","0"
"3","[2016-10-04 20:20:00,2016-10-04 20:40:00)","0","51","10","4","20","20"
"1","[2016-10-04 20:20:00,2016-10-04 20:40:00)","0","113","10","4","20","20"
"1","[2016-10-04 20:40:00,2016-10-04 21:00:00)","0","73","10","4","20","40"
"3","[2016-10-04 20:40:00,2016-10-04 21:00:00)","0","53","10","4","20","40"
"1","[2016-10-04 21:00:00,2016-10-04 21:20:00)","0","62","10","4","21","0"
"3","[2016-10-04 21:00:00,2016-10-04 21:20:00)","0","54","10","4","21","0"
"3","[2016-10-04 21:20:00,2016-10-04 21:40:00)","0","39","10","4","21","20"
"1","[2016-10-04 21:20:00,2016-10-04 21:40:00)","0","44","10","4","21","20"
"1","[2016-10-04 21:40:00,2016-10-04 22:00:00)","0","39","10","4","21","40"
"3","[2016-10-04 21:40:00,2016-10-04 22:00:00)","0","39","10","4","21","40"
"3","[2016-10-04 22:00:00,2016-10-04 22:20:00)","0","25","10","4","22","0"
"1","[2016-10-04 22:00:00,2016-10-04 22:20:00)","0","37","10","4","22","0"
"1","[2016-10-04 22:20:00,2016-10-04 22:40:00)","0","33","10","4","22","20"
"3","[2016-10-04 22:20:00,2016-10-04 22:40:00)","0","16","10","4","22","20"
"3","[2016-10-04 22:40:00,2016-10-04 23:00:00)","0","17","10","4","22","40"
"1","[2016-10-04 22:40:00,2016-10-04 23:00:00)","0","19","10","4","22","40"
"1","[2016-10-04 23:00:00,2016-10-04 23:20:00)","0","24","10","4","23","0"
"3","[2016-10-04 23:00:00,2016-10-04 23:20:00)","0","23","10","4","23","0"
"1","[2016-10-04 23:20:00,2016-10-04 23:40:00)","0","15","10","4","23","20"
"3","[2016-10-04 23:20:00,2016-10-04 23:40:00)","0","27","10","4","23","20"
"3","[2016-10-04 23:40:00,2016-10-05 00:00:00)","0","6","10","4","23","40"
"1","[2016-10-04 23:40:00,2016-10-05 00:00:00)","0","19","10","4","23","40"
"3","[2016-10-05 00:00:00,2016-10-05 00:20:00)","0","7","10","5","0","0"
"1","[2016-10-05 00:00:00,2016-10-05 00:20:00)","0","27","10","5","0","0"
"1","[2016-10-05 00:20:00,2016-10-05 00:40:00)","0","14","10","5","0","20"
"3","[2016-10-05 00:20:00,2016-10-05 00:40:00)","0","10","10","5","0","20"
"3","[2016-10-05 00:40:00,2016-10-05 01:00:00)","0","9","10","5","0","40"
"1","[2016-10-05 00:40:00,2016-10-05 01:00:00)","0","15","10","5","0","40"
"3","[2016-10-05 01:00:00,2016-10-05 01:20:00)","0","8","10","5","1","0"
"1","[2016-10-05 01:00:00,2016-10-05 01:20:00)","0","4","10","5","1","0"
"3","[2016-10-05 01:20:00,2016-10-05 01:40:00)","0","19","10","5","1","20"
"1","[2016-10-05 01:20:00,2016-10-05 01:40:00)","0","8","10","5","1","20"
"3","[2016-10-05 01:40:00,2016-10-05 02:00:00)","0","12","10","5","1","40"
"1","[2016-10-05 01:40:00,2016-10-05 02:00:00)","0","4","10","5","1","40"
"1","[2016-10-05 02:00:00,2016-10-05 02:20:00)","0","6","10","5","2","0"
"3","[2016-10-05 02:00:00,2016-10-05 02:20:00)","0","9","10","5","2","0"
"3","[2016-10-05 02:20:00,2016-10-05 02:40:00)","0","13","10","5","2","20"
"1","[2016-10-05 02:20:00,2016-10-05 02:40:00)","0","10","10","5","2","20"
"3","[2016-10-05 02:40:00,2016-10-05 03:00:00)","0","19","10","5","2","40"
"1","[2016-10-05 02:40:00,2016-10-05 03:00:00)","0","2","10","5","2","40"
"3","[2016-10-05 03:00:00,2016-10-05 03:20:00)","0","11","10","5","3","0"
"1","[2016-10-05 03:00:00,2016-10-05 03:20:00)","0","5","10","5","3","0"
"3","[2016-10-05 03:20:00,2016-10-05 03:40:00)","0","6","10","5","3","20"
"1","[2016-10-05 03:20:00,2016-10-05 03:40:00)","0","4","10","5","3","20"
"3","[2016-10-05 03:40:00,2016-10-05 04:00:00)","0","5","10","5","3","40"
"1","[2016-10-05 03:40:00,2016-10-05 04:00:00)","0","2","10","5","3","40"
"3","[2016-10-05 04:00:00,2016-10-05 04:20:00)","0","11","10","5","4","0"
"1","[2016-10-05 04:00:00,2016-10-05 04:20:00)","0","3","10","5","4","0"
"3","[2016-10-05 04:20:00,2016-10-05 04:40:00)","0","9","10","5","4","20"
"1","[2016-10-05 04:20:00,2016-10-05 04:40:00)","0","8","10","5","4","20"
"1","[2016-10-05 04:40:00,2016-10-05 05:00:00)","0","13","10","5","4","40"
"3","[2016-10-05 04:40:00,2016-10-05 05:00:00)","0","4","10","5","4","40"
"1","[2016-10-05 05:00:00,2016-10-05 05:20:00)","0","16","10","5","5","0"
"3","[2016-10-05 05:00:00,2016-10-05 05:20:00)","0","9","10","5","5","0"
"3","[2016-10-05 05:20:00,2016-10-05 05:40:00)","0","10","10","5","5","20"
"1","[2016-10-05 05:20:00,2016-10-05 05:40:00)","0","11","10","5","5","20"
"3","[2016-10-05 05:40:00,2016-10-05 06:00:00)","0","15","10","5","5","40"
"1","[2016-10-05 05:40:00,2016-10-05 06:00:00)","0","32","10","5","5","40"
"3","[2016-10-05 06:00:00,2016-10-05 06:20:00)","0","25","10","5","6","0"
"1","[2016-10-05 06:00:00,2016-10-05 06:20:00)","0","29","10","5","6","0"
"3","[2016-10-05 06:20:00,2016-10-05 06:40:00)","0","45","10","5","6","20"
"1","[2016-10-05 06:20:00,2016-10-05 06:40:00)","0","56","10","5","6","20"
"3","[2016-10-05 06:40:00,2016-10-05 07:00:00)","0","67","10","5","6","40"
"1","[2016-10-05 06:40:00,2016-10-05 07:00:00)","0","71","10","5","6","40"
"1","[2016-10-05 07:00:00,2016-10-05 07:20:00)","0","70","10","5","7","0"
"3","[2016-10-05 07:00:00,2016-10-05 07:20:00)","0","81","10","5","7","0"
"3","[2016-10-05 07:20:00,2016-10-05 07:40:00)","0","78","10","5","7","20"
"1","[2016-10-05 07:20:00,2016-10-05 07:40:00)","0","85","10","5","7","20"
"1","[2016-10-05 07:40:00,2016-10-05 08:00:00)","0","119","10","5","7","40"
"3","[2016-10-05 07:40:00,2016-10-05 08:00:00)","0","98","10","5","7","40"
"1","[2016-10-05 08:00:00,2016-10-05 08:20:00)","0","114","10","5","8","0"
"3","[2016-10-05 08:00:00,2016-10-05 08:20:00)","0","112","10","5","8","0"
"3","[2016-10-05 08:20:00,2016-10-05 08:40:00)","0","118","10","5","8","20"
"1","[2016-10-05 08:20:00,2016-10-05 08:40:00)","0","172","10","5","8","20"
"1","[2016-10-05 08:40:00,2016-10-05 09:00:00)","0","163","10","5","8","40"
"3","[2016-10-05 08:40:00,2016-10-05 09:00:00)","0","128","10","5","8","40"
"3","[2016-10-05 09:00:00,2016-10-05 09:20:00)","0","121","10","5","9","0"
"1","[2016-10-05 09:00:00,2016-10-05 09:20:00)","0","150","10","5","9","0"
"3","[2016-10-05 09:20:00,2016-10-05 09:40:00)","0","139","10","5","9","20"
"1","[2016-10-05 09:20:00,2016-10-05 09:40:00)","0","161","10","5","9","20"
"3","[2016-10-05 09:40:00,2016-10-05 10:00:00)","0","84","10","5","9","40"
"1","[2016-10-05 09:40:00,2016-10-05 10:00:00)","0","147","10","5","9","40"
"1","[2016-10-05 10:00:00,2016-10-05 10:20:00)","0","162","10","5","10","0"
"3","[2016-10-05 10:00:00,2016-10-05 10:20:00)","0","94","10","5","10","0"
"1","[2016-10-05 10:20:00,2016-10-05 10:40:00)","0","189","10","5","10","20"
"3","[2016-10-05 10:20:00,2016-10-05 10:40:00)","0","82","10","5","10","20"
"3","[2016-10-05 10:40:00,2016-10-05 11:00:00)","0","124","10","5","10","40"
"1","[2016-10-05 10:40:00,2016-10-05 11:00:00)","0","194","10","5","10","40"
"1","[2016-10-05 11:00:00,2016-10-05 11:20:00)","0","154","10","5","11","0"
"3","[2016-10-05 11:00:00,2016-10-05 11:20:00)","0","132","10","5","11","0"
"3","[2016-10-05 11:20:00,2016-10-05 11:40:00)","0","107","10","5","11","20"
"1","[2016-10-05 11:20:00,2016-10-05 11:40:00)","0","153","10","5","11","20"
"1","[2016-10-05 11:40:00,2016-10-05 12:00:00)","0","127","10","5","11","40"
"3","[2016-10-05 11:40:00,2016-10-05 12:00:00)","0","57","10","5","11","40"
"1","[2016-10-05 12:00:00,2016-10-05 12:20:00)","0","139","10","5","12","0"
"3","[2016-10-05 12:00:00,2016-10-05 12:20:00)","0","71","10","5","12","0"
"1","[2016-10-05 12:20:00,2016-10-05 12:40:00)","0","118","10","5","12","20"
"3","[2016-10-05 12:20:00,2016-10-05 12:40:00)","0","97","10","5","12","20"
"1","[2016-10-05 12:40:00,2016-10-05 13:00:00)","0","141","10","5","12","40"
"3","[2016-10-05 12:40:00,2016-10-05 13:00:00)","0","120","10","5","12","40"
"1","[2016-10-05 13:00:00,2016-10-05 13:20:00)","0","139","10","5","13","0"
"3","[2016-10-05 13:00:00,2016-10-05 13:20:00)","0","105","10","5","13","0"
"3","[2016-10-05 13:20:00,2016-10-05 13:40:00)","0","110","10","5","13","20"
"1","[2016-10-05 13:20:00,2016-10-05 13:40:00)","0","156","10","5","13","20"
"3","[2016-10-05 13:40:00,2016-10-05 14:00:00)","0","119","10","5","13","40"
"1","[2016-10-05 13:40:00,2016-10-05 14:00:00)","0","149","10","5","13","40"
"1","[2016-10-05 14:00:00,2016-10-05 14:20:00)","0","183","10","5","14","0"
"3","[2016-10-05 14:00:00,2016-10-05 14:20:00)","0","97","10","5","14","0"
"3","[2016-10-05 14:20:00,2016-10-05 14:40:00)","0","107","10","5","14","20"
"1","[2016-10-05 14:20:00,2016-10-05 14:40:00)","0","148","10","5","14","20"
"3","[2016-10-05 14:40:00,2016-10-05 15:00:00)","0","139","10","5","14","40"
"1","[2016-10-05 14:40:00,2016-10-05 15:00:00)","0","173","10","5","14","40"
"3","[2016-10-05 15:00:00,2016-10-05 15:20:00)","0","124","10","5","15","0"
"1","[2016-10-05 15:00:00,2016-10-05 15:20:00)","0","211","10","5","15","0"
"3","[2016-10-05 15:20:00,2016-10-05 15:40:00)","0","148","10","5","15","20"
"1","[2016-10-05 15:20:00,2016-10-05 15:40:00)","0","191","10","5","15","20"
"3","[2016-10-05 15:40:00,2016-10-05 16:00:00)","0","118","10","5","15","40"
"1","[2016-10-05 15:40:00,2016-10-05 16:00:00)","0","164","10","5","15","40"
"3","[2016-10-05 16:00:00,2016-10-05 16:20:00)","0","135","10","5","16","0"
"1","[2016-10-05 16:00:00,2016-10-05 16:20:00)","0","227","10","5","16","0"
"1","[2016-10-05 16:20:00,2016-10-05 16:40:00)","0","214","10","5","16","20"
"3","[2016-10-05 16:20:00,2016-10-05 16:40:00)","0","100","10","5","16","20"
"1","[2016-10-05 16:40:00,2016-10-05 17:00:00)","0","175","10","5","16","40"
"3","[2016-10-05 16:40:00,2016-10-05 17:00:00)","0","136","10","5","16","40"
"1","[2016-10-05 17:00:00,2016-10-05 17:20:00)","0","133","10","5","17","0"
"3","[2016-10-05 17:00:00,2016-10-05 17:20:00)","0","116","10","5","17","0"
"3","[2016-10-05 17:20:00,2016-10-05 17:40:00)","0","103","10","5","17","20"
"1","[2016-10-05 17:20:00,2016-10-05 17:40:00)","0","154","10","5","17","20"
"3","[2016-10-05 17:40:00,2016-10-05 18:00:00)","0","80","10","5","17","40"
"1","[2016-10-05 17:40:00,2016-10-05 18:00:00)","0","196","10","5","17","40"
"3","[2016-10-05 18:00:00,2016-10-05 18:20:00)","0","80","10","5","18","0"
"1","[2016-10-05 18:00:00,2016-10-05 18:20:00)","0","162","10","5","18","0"
"3","[2016-10-05 18:20:00,2016-10-05 18:40:00)","0","70","10","5","18","20"
"1","[2016-10-05 18:20:00,2016-10-05 18:40:00)","0","148","10","5","18","20"
"1","[2016-10-05 18:40:00,2016-10-05 19:00:00)","0","107","10","5","18","40"
"3","[2016-10-05 18:40:00,2016-10-05 19:00:00)","0","71","10","5","18","40"
"3","[2016-10-05 19:00:00,2016-10-05 19:20:00)","0","84","10","5","19","0"
"1","[2016-10-05 19:00:00,2016-10-05 19:20:00)","0","84","10","5","19","0"
"1","[2016-10-05 19:20:00,2016-10-05 19:40:00)","0","132","10","5","19","20"
"3","[2016-10-05 19:20:00,2016-10-05 19:40:00)","0","47","10","5","19","20"
"1","[2016-10-05 19:40:00,2016-10-05 20:00:00)","0","122","10","5","19","40"
"3","[2016-10-05 19:40:00,2016-10-05 20:00:00)","0","67","10","5","19","40"
"1","[2016-10-05 20:00:00,2016-10-05 20:20:00)","0","130","10","5","20","0"
"3","[2016-10-05 20:00:00,2016-10-05 20:20:00)","0","64","10","5","20","0"
"1","[2016-10-05 20:20:00,2016-10-05 20:40:00)","0","134","10","5","20","20"
"3","[2016-10-05 20:20:00,2016-10-05 20:40:00)","0","63","10","5","20","20"
"1","[2016-10-05 20:40:00,2016-10-05 21:00:00)","0","116","10","5","20","40"
"3","[2016-10-05 20:40:00,2016-10-05 21:00:00)","0","69","10","5","20","40"
"1","[2016-10-05 21:00:00,2016-10-05 21:20:00)","0","108","10","5","21","0"
"3","[2016-10-05 21:00:00,2016-10-05 21:20:00)","0","75","10","5","21","0"
"1","[2016-10-05 21:20:00,2016-10-05 21:40:00)","0","77","10","5","21","20"
"3","[2016-10-05 21:20:00,2016-10-05 21:40:00)","0","60","10","5","21","20"
"3","[2016-10-05 21:40:00,2016-10-05 22:00:00)","0","45","10","5","21","40"
"1","[2016-10-05 21:40:00,2016-10-05 22:00:00)","0","40","10","5","21","40"
"1","[2016-10-05 22:00:00,2016-10-05 22:20:00)","0","36","10","5","22","0"
"3","[2016-10-05 22:00:00,2016-10-05 22:20:00)","0","39","10","5","22","0"
"3","[2016-10-05 22:20:00,2016-10-05 22:40:00)","0","34","10","5","22","20"
"1","[2016-10-05 22:20:00,2016-10-05 22:40:00)","0","36","10","5","22","20"
"1","[2016-10-05 22:40:00,2016-10-05 23:00:00)","0","33","10","5","22","40"
"3","[2016-10-05 22:40:00,2016-10-05 23:00:00)","0","27","10","5","22","40"
"1","[2016-10-05 23:00:00,2016-10-05 23:20:00)","0","24","10","5","23","0"
"3","[2016-10-05 23:00:00,2016-10-05 23:20:00)","0","9","10","5","23","0"
"1","[2016-10-05 23:20:00,2016-10-05 23:40:00)","0","23","10","5","23","20"
"3","[2016-10-05 23:20:00,2016-10-05 23:40:00)","0","2","10","5","23","20"
"3","[2016-10-05 23:40:00,2016-10-06 00:00:00)","0","15","10","5","23","40"
"1","[2016-10-05 23:40:00,2016-10-06 00:00:00)","0","24","10","5","23","40"
"3","[2016-10-06 00:00:00,2016-10-06 00:20:00)","0","13","10","6","0","0"
"1","[2016-10-06 00:00:00,2016-10-06 00:20:00)","0","18","10","6","0","0"
"3","[2016-10-06 00:20:00,2016-10-06 00:40:00)","0","9","10","6","0","20"
"1","[2016-10-06 00:20:00,2016-10-06 00:40:00)","0","21","10","6","0","20"
"1","[2016-10-06 00:40:00,2016-10-06 01:00:00)","0","15","10","6","0","40"
"3","[2016-10-06 00:40:00,2016-10-06 01:00:00)","0","18","10","6","0","40"
"3","[2016-10-06 01:00:00,2016-10-06 01:20:00)","0","10","10","6","1","0"
"1","[2016-10-06 01:00:00,2016-10-06 01:20:00)","0","9","10","6","1","0"
"3","[2016-10-06 01:20:00,2016-10-06 01:40:00)","0","7","10","6","1","20"
"1","[2016-10-06 01:20:00,2016-10-06 01:40:00)","0","8","10","6","1","20"
"3","[2016-10-06 01:40:00,2016-10-06 02:00:00)","0","6","10","6","1","40"
"1","[2016-10-06 01:40:00,2016-10-06 02:00:00)","0","6","10","6","1","40"
"3","[2016-10-06 02:00:00,2016-10-06 02:20:00)","0","6","10","6","2","0"
"1","[2016-10-06 02:00:00,2016-10-06 02:20:00)","0","8","10","6","2","0"
"3","[2016-10-06 02:20:00,2016-10-06 02:40:00)","0","13","10","6","2","20"
"1","[2016-10-06 02:20:00,2016-10-06 02:40:00)","0","1","10","6","2","20"
"1","[2016-10-06 02:40:00,2016-10-06 03:00:00)","0","8","10","6","2","40"
"3","[2016-10-06 02:40:00,2016-10-06 03:00:00)","0","17","10","6","2","40"
"3","[2016-10-06 03:00:00,2016-10-06 03:20:00)","0","8","10","6","3","0"
"1","[2016-10-06 03:00:00,2016-10-06 03:20:00)","0","9","10","6","3","0"
"3","[2016-10-06 03:20:00,2016-10-06 03:40:00)","0","11","10","6","3","20"
"1","[2016-10-06 03:20:00,2016-10-06 03:40:00)","0","7","10","6","3","20"
"1","[2016-10-06 03:40:00,2016-10-06 04:00:00)","0","8","10","6","3","40"
"3","[2016-10-06 03:40:00,2016-10-06 04:00:00)","0","4","10","6","3","40"
"1","[2016-10-06 04:00:00,2016-10-06 04:20:00)","0","3","10","6","4","0"
"3","[2016-10-06 04:00:00,2016-10-06 04:20:00)","0","8","10","6","4","0"
"3","[2016-10-06 04:20:00,2016-10-06 04:40:00)","0","6","10","6","4","20"
"1","[2016-10-06 04:20:00,2016-10-06 04:40:00)","0","9","10","6","4","20"
"3","[2016-10-06 04:40:00,2016-10-06 05:00:00)","0","12","10","6","4","40"
"1","[2016-10-06 04:40:00,2016-10-06 05:00:00)","0","8","10","6","4","40"
"3","[2016-10-06 05:00:00,2016-10-06 05:20:00)","0","9","10","6","5","0"
"1","[2016-10-06 05:00:00,2016-10-06 05:20:00)","0","13","10","6","5","0"
"3","[2016-10-06 05:20:00,2016-10-06 05:40:00)","0","11","10","6","5","20"
"1","[2016-10-06 05:20:00,2016-10-06 05:40:00)","0","16","10","6","5","20"
"3","[2016-10-06 05:40:00,2016-10-06 06:00:00)","0","22","10","6","5","40"
"1","[2016-10-06 05:40:00,2016-10-06 06:00:00)","0","24","10","6","5","40"
"1","[2016-10-06 06:00:00,2016-10-06 06:20:00)","0","36","10","6","6","0"
"3","[2016-10-06 06:00:00,2016-10-06 06:20:00)","0","24","10","6","6","0"
"3","[2016-10-06 06:20:00,2016-10-06 06:40:00)","0","39","10","6","6","20"
"1","[2016-10-06 06:20:00,2016-10-06 06:40:00)","0","45","10","6","6","20"
"3","[2016-10-06 06:40:00,2016-10-06 07:00:00)","0","52","10","6","6","40"
"1","[2016-10-06 06:40:00,2016-10-06 07:00:00)","0","56","10","6","6","40"
"1","[2016-10-06 07:00:00,2016-10-06 07:20:00)","0","74","10","6","7","0"
"3","[2016-10-06 07:00:00,2016-10-06 07:20:00)","0","79","10","6","7","0"
"3","[2016-10-06 07:20:00,2016-10-06 07:40:00)","0","104","10","6","7","20"
"1","[2016-10-06 07:20:00,2016-10-06 07:40:00)","0","96","10","6","7","20"
"3","[2016-10-06 07:40:00,2016-10-06 08:00:00)","0","91","10","6","7","40"
"1","[2016-10-06 07:40:00,2016-10-06 08:00:00)","0","109","10","6","7","40"
"1","[2016-10-06 08:00:00,2016-10-06 08:20:00)","0","114","10","6","8","0"
"3","[2016-10-06 08:00:00,2016-10-06 08:20:00)","0","101","10","6","8","0"
"1","[2016-10-06 08:20:00,2016-10-06 08:40:00)","0","132","10","6","8","20"
"3","[2016-10-06 08:20:00,2016-10-06 08:40:00)","0","122","10","6","8","20"
"3","[2016-10-06 08:40:00,2016-10-06 09:00:00)","0","96","10","6","8","40"
"1","[2016-10-06 08:40:00,2016-10-06 09:00:00)","0","148","10","6","8","40"
"1","[2016-10-06 09:00:00,2016-10-06 09:20:00)","0","137","10","6","9","0"
"3","[2016-10-06 09:00:00,2016-10-06 09:20:00)","0","100","10","6","9","0"
"1","[2016-10-06 09:20:00,2016-10-06 09:40:00)","0","170","10","6","9","20"
"3","[2016-10-06 09:20:00,2016-10-06 09:40:00)","0","145","10","6","9","20"
"1","[2016-10-06 09:40:00,2016-10-06 10:00:00)","0","147","10","6","9","40"
"3","[2016-10-06 09:40:00,2016-10-06 10:00:00)","0","126","10","6","9","40"
"1","[2016-10-06 10:00:00,2016-10-06 10:20:00)","0","158","10","6","10","0"
"3","[2016-10-06 10:00:00,2016-10-06 10:20:00)","0","122","10","6","10","0"
"1","[2016-10-06 10:20:00,2016-10-06 10:40:00)","0","116","10","6","10","20"
"3","[2016-10-06 10:20:00,2016-10-06 10:40:00)","0","100","10","6","10","20"
"1","[2016-10-06 10:40:00,2016-10-06 11:00:00)","0","111","10","6","10","40"
"3","[2016-10-06 10:40:00,2016-10-06 11:00:00)","0","68","10","6","10","40"
"1","[2016-10-06 11:00:00,2016-10-06 11:20:00)","0","130","10","6","11","0"
"3","[2016-10-06 11:00:00,2016-10-06 11:20:00)","0","73","10","6","11","0"
"1","[2016-10-06 11:20:00,2016-10-06 11:40:00)","0","116","10","6","11","20"
"3","[2016-10-06 11:20:00,2016-10-06 11:40:00)","0","72","10","6","11","20"
"1","[2016-10-06 11:40:00,2016-10-06 12:00:00)","0","120","10","6","11","40"
"3","[2016-10-06 11:40:00,2016-10-06 12:00:00)","0","76","10","6","11","40"
"1","[2016-10-06 12:00:00,2016-10-06 12:20:00)","0","94","10","6","12","0"
"3","[2016-10-06 12:00:00,2016-10-06 12:20:00)","0","64","10","6","12","0"
"1","[2016-10-06 12:20:00,2016-10-06 12:40:00)","0","127","10","6","12","20"
"3","[2016-10-06 12:20:00,2016-10-06 12:40:00)","0","72","10","6","12","20"
"3","[2016-10-06 12:40:00,2016-10-06 13:00:00)","0","58","10","6","12","40"
"1","[2016-10-06 12:40:00,2016-10-06 13:00:00)","0","115","10","6","12","40"
"1","[2016-10-06 13:00:00,2016-10-06 13:20:00)","0","146","10","6","13","0"
"3","[2016-10-06 13:00:00,2016-10-06 13:20:00)","0","92","10","6","13","0"
"1","[2016-10-06 13:20:00,2016-10-06 13:40:00)","0","163","10","6","13","20"
"3","[2016-10-06 13:20:00,2016-10-06 13:40:00)","0","86","10","6","13","20"
"1","[2016-10-06 13:40:00,2016-10-06 14:00:00)","0","178","10","6","13","40"
"3","[2016-10-06 13:40:00,2016-10-06 14:00:00)","0","74","10","6","13","40"
"1","[2016-10-06 14:00:00,2016-10-06 14:20:00)","0","163","10","6","14","0"
"3","[2016-10-06 14:00:00,2016-10-06 14:20:00)","0","88","10","6","14","0"
"1","[2016-10-06 14:20:00,2016-10-06 14:40:00)","0","159","10","6","14","20"
"3","[2016-10-06 14:20:00,2016-10-06 14:40:00)","0","99","10","6","14","20"
"1","[2016-10-06 14:40:00,2016-10-06 15:00:00)","0","176","10","6","14","40"
"3","[2016-10-06 14:40:00,2016-10-06 15:00:00)","0","97","10","6","14","40"
"1","[2016-10-06 15:00:00,2016-10-06 15:20:00)","0","195","10","6","15","0"
"3","[2016-10-06 15:00:00,2016-10-06 15:20:00)","0","115","10","6","15","0"
"1","[2016-10-06 15:20:00,2016-10-06 15:40:00)","0","178","10","6","15","20"
"3","[2016-10-06 15:20:00,2016-10-06 15:40:00)","0","72","10","6","15","20"
"1","[2016-10-06 15:40:00,2016-10-06 16:00:00)","0","163","10","6","15","40"
"3","[2016-10-06 15:40:00,2016-10-06 16:00:00)","0","89","10","6","15","40"
"1","[2016-10-06 16:00:00,2016-10-06 16:20:00)","0","177","10","6","16","0"
"3","[2016-10-06 16:00:00,2016-10-06 16:20:00)","0","81","10","6","16","0"
"1","[2016-10-06 16:20:00,2016-10-06 16:40:00)","0","181","10","6","16","20"
"3","[2016-10-06 16:20:00,2016-10-06 16:40:00)","0","78","10","6","16","20"
"3","[2016-10-06 16:40:00,2016-10-06 17:00:00)","0","71","10","6","16","40"
"1","[2016-10-06 16:40:00,2016-10-06 17:00:00)","0","152","10","6","16","40"
"1","[2016-10-06 17:00:00,2016-10-06 17:20:00)","0","177","10","6","17","0"
"3","[2016-10-06 17:00:00,2016-10-06 17:20:00)","0","78","10","6","17","0"
"3","[2016-10-06 17:20:00,2016-10-06 17:40:00)","0","80","10","6","17","20"
"1","[2016-10-06 17:20:00,2016-10-06 17:40:00)","0","137","10","6","17","20"
"3","[2016-10-06 17:40:00,2016-10-06 18:00:00)","0","75","10","6","17","40"
"1","[2016-10-06 17:40:00,2016-10-06 18:00:00)","0","131","10","6","17","40"
"1","[2016-10-06 18:00:00,2016-10-06 18:20:00)","0","139","10","6","18","0"
"3","[2016-10-06 18:00:00,2016-10-06 18:20:00)","0","69","10","6","18","0"
"3","[2016-10-06 18:20:00,2016-10-06 18:40:00)","0","63","10","6","18","20"
"1","[2016-10-06 18:20:00,2016-10-06 18:40:00)","0","112","10","6","18","20"
"1","[2016-10-06 18:40:00,2016-10-06 19:00:00)","0","130","10","6","18","40"
"3","[2016-10-06 18:40:00,2016-10-06 19:00:00)","0","40","10","6","18","40"
"1","[2016-10-06 19:00:00,2016-10-06 19:20:00)","0","130","10","6","19","0"
"3","[2016-10-06 19:00:00,2016-10-06 19:20:00)","0","48","10","6","19","0"
"1","[2016-10-06 19:20:00,2016-10-06 19:40:00)","0","123","10","6","19","20"
"3","[2016-10-06 19:20:00,2016-10-06 19:40:00)","0","63","10","6","19","20"
"3","[2016-10-06 19:40:00,2016-10-06 20:00:00)","0","93","10","6","19","40"
"1","[2016-10-06 19:40:00,2016-10-06 20:00:00)","0","110","10","6","19","40"
"1","[2016-10-06 20:00:00,2016-10-06 20:20:00)","0","119","10","6","20","0"
"3","[2016-10-06 20:00:00,2016-10-06 20:20:00)","0","82","10","6","20","0"
"3","[2016-10-06 20:20:00,2016-10-06 20:40:00)","0","81","10","6","20","20"
"1","[2016-10-06 20:20:00,2016-10-06 20:40:00)","0","104","10","6","20","20"
"3","[2016-10-06 20:40:00,2016-10-06 21:00:00)","0","63","10","6","20","40"
"1","[2016-10-06 20:40:00,2016-10-06 21:00:00)","0","72","10","6","20","40"
"3","[2016-10-06 21:00:00,2016-10-06 21:20:00)","0","46","10","6","21","0"
"1","[2016-10-06 21:00:00,2016-10-06 21:20:00)","0","44","10","6","21","0"
"3","[2016-10-06 21:20:00,2016-10-06 21:40:00)","0","65","10","6","21","20"
"1","[2016-10-06 21:20:00,2016-10-06 21:40:00)","0","57","10","6","21","20"
"3","[2016-10-06 21:40:00,2016-10-06 22:00:00)","0","33","10","6","21","40"
"1","[2016-10-06 21:40:00,2016-10-06 22:00:00)","0","49","10","6","21","40"
"3","[2016-10-06 22:00:00,2016-10-06 22:20:00)","0","33","10","6","22","0"
"1","[2016-10-06 22:00:00,2016-10-06 22:20:00)","0","32","10","6","22","0"
"1","[2016-10-06 22:20:00,2016-10-06 22:40:00)","0","31","10","6","22","20"
"3","[2016-10-06 22:20:00,2016-10-06 22:40:00)","0","46","10","6","22","20"
"3","[2016-10-06 22:40:00,2016-10-06 23:00:00)","0","24","10","6","22","40"
"1","[2016-10-06 22:40:00,2016-10-06 23:00:00)","0","19","10","6","22","40"
"3","[2016-10-06 23:00:00,2016-10-06 23:20:00)","0","27","10","6","23","0"
"1","[2016-10-06 23:00:00,2016-10-06 23:20:00)","0","9","10","6","23","0"
"1","[2016-10-06 23:20:00,2016-10-06 23:40:00)","0","22","10","6","23","20"
"3","[2016-10-06 23:20:00,2016-10-06 23:40:00)","0","37","10","6","23","20"
"3","[2016-10-06 23:40:00,2016-10-07 00:00:00)","0","16","10","6","23","40"
"1","[2016-10-06 23:40:00,2016-10-07 00:00:00)","0","23","10","6","23","40"
"1","[2016-10-07 00:00:00,2016-10-07 00:20:00)","0","14","10","7","0","0"
"3","[2016-10-07 00:00:00,2016-10-07 00:20:00)","0","12","10","7","0","0"
"3","[2016-10-07 00:20:00,2016-10-07 00:40:00)","0","11","10","7","0","20"
"1","[2016-10-07 00:20:00,2016-10-07 00:40:00)","0","13","10","7","0","20"
"3","[2016-10-07 00:40:00,2016-10-07 01:00:00)","0","14","10","7","0","40"
"1","[2016-10-07 00:40:00,2016-10-07 01:00:00)","0","4","10","7","0","40"
"1","[2016-10-07 01:00:00,2016-10-07 01:20:00)","0","10","10","7","1","0"
"3","[2016-10-07 01:00:00,2016-10-07 01:20:00)","0","6","10","7","1","0"
"3","[2016-10-07 01:20:00,2016-10-07 01:40:00)","0","14","10","7","1","20"
"1","[2016-10-07 01:20:00,2016-10-07 01:40:00)","0","8","10","7","1","20"
"3","[2016-10-07 01:40:00,2016-10-07 02:00:00)","0","12","10","7","1","40"
"1","[2016-10-07 01:40:00,2016-10-07 02:00:00)","0","7","10","7","1","40"
"3","[2016-10-07 02:00:00,2016-10-07 02:20:00)","0","9","10","7","2","0"
"1","[2016-10-07 02:00:00,2016-10-07 02:20:00)","0","11","10","7","2","0"
"1","[2016-10-07 02:20:00,2016-10-07 02:40:00)","0","7","10","7","2","20"
"3","[2016-10-07 02:20:00,2016-10-07 02:40:00)","0","13","10","7","2","20"
"3","[2016-10-07 02:40:00,2016-10-07 03:00:00)","0","11","10","7","2","40"
"1","[2016-10-07 02:40:00,2016-10-07 03:00:00)","0","5","10","7","2","40"
"3","[2016-10-07 03:00:00,2016-10-07 03:20:00)","0","15","10","7","3","0"
"1","[2016-10-07 03:00:00,2016-10-07 03:20:00)","0","6","10","7","3","0"
"3","[2016-10-07 03:20:00,2016-10-07 03:40:00)","0","11","10","7","3","20"
"1","[2016-10-07 03:20:00,2016-10-07 03:40:00)","0","5","10","7","3","20"
"1","[2016-10-07 03:40:00,2016-10-07 04:00:00)","0","6","10","7","3","40"
"3","[2016-10-07 03:40:00,2016-10-07 04:00:00)","0","9","10","7","3","40"
"1","[2016-10-07 04:00:00,2016-10-07 04:20:00)","0","9","10","7","4","0"
"3","[2016-10-07 04:00:00,2016-10-07 04:20:00)","0","15","10","7","4","0"
"3","[2016-10-07 04:20:00,2016-10-07 04:40:00)","0","9","10","7","4","20"
"1","[2016-10-07 04:20:00,2016-10-07 04:40:00)","0","4","10","7","4","20"
"3","[2016-10-07 04:40:00,2016-10-07 05:00:00)","0","5","10","7","4","40"
"1","[2016-10-07 04:40:00,2016-10-07 05:00:00)","0","10","10","7","4","40"
"1","[2016-10-07 05:00:00,2016-10-07 05:20:00)","0","8","10","7","5","0"
"3","[2016-10-07 05:00:00,2016-10-07 05:20:00)","0","9","10","7","5","0"
"1","[2016-10-07 05:20:00,2016-10-07 05:40:00)","0","11","10","7","5","20"
"3","[2016-10-07 05:20:00,2016-10-07 05:40:00)","0","11","10","7","5","20"
"3","[2016-10-07 05:40:00,2016-10-07 06:00:00)","0","19","10","7","5","40"
"1","[2016-10-07 05:40:00,2016-10-07 06:00:00)","0","22","10","7","5","40"
"3","[2016-10-07 06:00:00,2016-10-07 06:20:00)","0","34","10","7","6","0"
"1","[2016-10-07 06:00:00,2016-10-07 06:20:00)","0","23","10","7","6","0"
"3","[2016-10-07 06:20:00,2016-10-07 06:40:00)","0","50","10","7","6","20"
"1","[2016-10-07 06:20:00,2016-10-07 06:40:00)","0","37","10","7","6","20"
"3","[2016-10-07 06:40:00,2016-10-07 07:00:00)","0","44","10","7","6","40"
"1","[2016-10-07 06:40:00,2016-10-07 07:00:00)","0","71","10","7","6","40"
"1","[2016-10-07 07:00:00,2016-10-07 07:20:00)","0","83","10","7","7","0"
"3","[2016-10-07 07:00:00,2016-10-07 07:20:00)","0","70","10","7","7","0"
"3","[2016-10-07 07:20:00,2016-10-07 07:40:00)","0","87","10","7","7","20"
"1","[2016-10-07 07:20:00,2016-10-07 07:40:00)","0","96","10","7","7","20"
"1","[2016-10-07 07:40:00,2016-10-07 08:00:00)","0","79","10","7","7","40"
"3","[2016-10-07 07:40:00,2016-10-07 08:00:00)","0","93","10","7","7","40"
"1","[2016-10-07 08:00:00,2016-10-07 08:20:00)","0","94","10","7","8","0"
"3","[2016-10-07 08:00:00,2016-10-07 08:20:00)","0","111","10","7","8","0"
"1","[2016-10-07 08:20:00,2016-10-07 08:40:00)","0","99","10","7","8","20"
"3","[2016-10-07 08:20:00,2016-10-07 08:40:00)","0","97","10","7","8","20"
"1","[2016-10-07 08:40:00,2016-10-07 09:00:00)","0","103","10","7","8","40"
"3","[2016-10-07 08:40:00,2016-10-07 09:00:00)","0","89","10","7","8","40"
"3","[2016-10-07 09:00:00,2016-10-07 09:20:00)","0","97","10","7","9","0"
"1","[2016-10-07 09:00:00,2016-10-07 09:20:00)","0","129","10","7","9","0"
"3","[2016-10-07 09:20:00,2016-10-07 09:40:00)","0","102","10","7","9","20"
"1","[2016-10-07 09:20:00,2016-10-07 09:40:00)","0","139","10","7","9","20"
"3","[2016-10-07 09:40:00,2016-10-07 10:00:00)","0","102","10","7","9","40"
"1","[2016-10-07 09:40:00,2016-10-07 10:00:00)","0","128","10","7","9","40"
"1","[2016-10-07 10:00:00,2016-10-07 10:20:00)","0","129","10","7","10","0"
"3","[2016-10-07 10:00:00,2016-10-07 10:20:00)","0","107","10","7","10","0"
"3","[2016-10-07 10:20:00,2016-10-07 10:40:00)","0","74","10","7","10","20"
"1","[2016-10-07 10:20:00,2016-10-07 10:40:00)","0","87","10","7","10","20"
"1","[2016-10-07 10:40:00,2016-10-07 11:00:00)","0","136","10","7","10","40"
"3","[2016-10-07 10:40:00,2016-10-07 11:00:00)","0","54","10","7","10","40"
"1","[2016-10-07 11:00:00,2016-10-07 11:20:00)","0","108","10","7","11","0"
"3","[2016-10-07 11:00:00,2016-10-07 11:20:00)","0","60","10","7","11","0"
"1","[2016-10-07 11:20:00,2016-10-07 11:40:00)","0","99","10","7","11","20"
"3","[2016-10-07 11:20:00,2016-10-07 11:40:00)","0","76","10","7","11","20"
"1","[2016-10-07 11:40:00,2016-10-07 12:00:00)","0","91","10","7","11","40"
"3","[2016-10-07 11:40:00,2016-10-07 12:00:00)","0","82","10","7","11","40"
"3","[2016-10-07 12:00:00,2016-10-07 12:20:00)","0","84","10","7","12","0"
"1","[2016-10-07 12:00:00,2016-10-07 12:20:00)","0","128","10","7","12","0"
"1","[2016-10-07 12:20:00,2016-10-07 12:40:00)","0","79","10","7","12","20"
"3","[2016-10-07 12:20:00,2016-10-07 12:40:00)","0","76","10","7","12","20"
"3","[2016-10-07 12:40:00,2016-10-07 13:00:00)","0","95","10","7","12","40"
"1","[2016-10-07 12:40:00,2016-10-07 13:00:00)","0","129","10","7","12","40"
"3","[2016-10-07 13:00:00,2016-10-07 13:20:00)","0","95","10","7","13","0"
"1","[2016-10-07 13:00:00,2016-10-07 13:20:00)","0","136","10","7","13","0"
"3","[2016-10-07 13:20:00,2016-10-07 13:40:00)","0","86","10","7","13","20"
"1","[2016-10-07 13:20:00,2016-10-07 13:40:00)","0","134","10","7","13","20"
"1","[2016-10-07 13:40:00,2016-10-07 14:00:00)","0","164","10","7","13","40"
"3","[2016-10-07 13:40:00,2016-10-07 14:00:00)","0","106","10","7","13","40"
"3","[2016-10-07 14:00:00,2016-10-07 14:20:00)","0","113","10","7","14","0"
"1","[2016-10-07 14:00:00,2016-10-07 14:20:00)","0","160","10","7","14","0"
"3","[2016-10-07 14:20:00,2016-10-07 14:40:00)","0","110","10","7","14","20"
"1","[2016-10-07 14:20:00,2016-10-07 14:40:00)","0","157","10","7","14","20"
"1","[2016-10-07 14:40:00,2016-10-07 15:00:00)","0","210","10","7","14","40"
"3","[2016-10-07 14:40:00,2016-10-07 15:00:00)","0","106","10","7","14","40"
"1","[2016-10-07 15:00:00,2016-10-07 15:20:00)","0","169","10","7","15","0"
"3","[2016-10-07 15:00:00,2016-10-07 15:20:00)","0","118","10","7","15","0"
"1","[2016-10-07 15:20:00,2016-10-07 15:40:00)","0","160","10","7","15","20"
"3","[2016-10-07 15:20:00,2016-10-07 15:40:00)","0","107","10","7","15","20"
"1","[2016-10-07 15:40:00,2016-10-07 16:00:00)","0","184","10","7","15","40"
"3","[2016-10-07 15:40:00,2016-10-07 16:00:00)","0","128","10","7","15","40"
"1","[2016-10-07 16:00:00,2016-10-07 16:20:00)","0","158","10","7","16","0"
"3","[2016-10-07 16:00:00,2016-10-07 16:20:00)","0","101","10","7","16","0"
"1","[2016-10-07 16:20:00,2016-10-07 16:40:00)","0","142","10","7","16","20"
"3","[2016-10-07 16:20:00,2016-10-07 16:40:00)","0","96","10","7","16","20"
"1","[2016-10-07 16:40:00,2016-10-07 17:00:00)","0","153","10","7","16","40"
"3","[2016-10-07 16:40:00,2016-10-07 17:00:00)","0","98","10","7","16","40"
"1","[2016-10-07 17:00:00,2016-10-07 17:20:00)","0","151","10","7","17","0"
"3","[2016-10-07 17:00:00,2016-10-07 17:20:00)","0","116","10","7","17","0"
"3","[2016-10-07 17:20:00,2016-10-07 17:40:00)","0","85","10","7","17","20"
"1","[2016-10-07 17:20:00,2016-10-07 17:40:00)","0","100","10","7","17","20"
"3","[2016-10-07 17:40:00,2016-10-07 18:00:00)","0","103","10","7","17","40"
"1","[2016-10-07 17:40:00,2016-10-07 18:00:00)","0","113","10","7","17","40"
"3","[2016-10-07 18:00:00,2016-10-07 18:20:00)","0","77","10","7","18","0"
"1","[2016-10-07 18:00:00,2016-10-07 18:20:00)","0","80","10","7","18","0"
"3","[2016-10-07 18:20:00,2016-10-07 18:40:00)","0","64","10","7","18","20"
"1","[2016-10-07 18:20:00,2016-10-07 18:40:00)","0","84","10","7","18","20"
"1","[2016-10-07 18:40:00,2016-10-07 19:00:00)","0","48","10","7","18","40"
"3","[2016-10-07 18:40:00,2016-10-07 19:00:00)","0","63","10","7","18","40"
"1","[2016-10-07 19:00:00,2016-10-07 19:20:00)","0","68","10","7","19","0"
"3","[2016-10-07 19:00:00,2016-10-07 19:20:00)","0","72","10","7","19","0"
"3","[2016-10-07 19:20:00,2016-10-07 19:40:00)","0","95","10","7","19","20"
"1","[2016-10-07 19:20:00,2016-10-07 19:40:00)","0","87","10","7","19","20"
"1","[2016-10-07 19:40:00,2016-10-07 20:00:00)","0","79","10","7","19","40"
"3","[2016-10-07 19:40:00,2016-10-07 20:00:00)","0","80","10","7","19","40"
"1","[2016-10-07 23:00:00,2016-10-07 23:20:00)","0","19","10","7","23","0"
"1","[2016-10-07 23:20:00,2016-10-07 23:40:00)","0","26","10","7","23","20"
"3","[2016-10-07 23:20:00,2016-10-07 23:40:00)","0","3","10","7","23","20"
"3","[2016-10-07 23:40:00,2016-10-08 00:00:00)","0","14","10","7","23","40"
"1","[2016-10-07 23:40:00,2016-10-08 00:00:00)","0","22","10","7","23","40"
"1","[2016-10-08 00:40:00,2016-10-08 01:00:00)","0","1","10","8","0","40"
"3","[2016-10-08 06:40:00,2016-10-08 07:00:00)","0","1","10","8","6","40"
"2","[2016-10-08 07:40:00,2016-10-08 08:00:00)","0","1","10","8","7","40"
"1","[2016-10-08 10:00:00,2016-10-08 10:20:00)","0","1","10","8","10","0"
"2","[2016-10-08 11:00:00,2016-10-08 11:20:00)","0","1","10","8","11","0"
"1","[2016-10-08 15:40:00,2016-10-08 16:00:00)","0","1","10","8","15","40"
"3","[2016-10-08 19:20:00,2016-10-08 19:40:00)","0","1","10","8","19","20"
"3","[2016-10-08 19:40:00,2016-10-08 20:00:00)","0","1","10","8","19","40"
"3","[2016-10-09 06:40:00,2016-10-09 07:00:00)","0","1","10","9","6","40"
"3","[2016-10-09 08:20:00,2016-10-09 08:40:00)","0","1","10","9","8","20"
"3","[2016-10-09 14:40:00,2016-10-09 15:00:00)","0","1","10","9","14","40"
"3","[2016-10-09 16:40:00,2016-10-09 17:00:00)","0","1","10","9","16","40"
"3","[2016-10-10 04:20:00,2016-10-10 04:40:00)","0","1","10","10","4","20"
"3","[2016-10-10 06:00:00,2016-10-10 06:20:00)","0","1","10","10","6","0"
"3","[2016-10-10 07:20:00,2016-10-10 07:40:00)","0","1","10","10","7","20"
"3","[2016-10-10 09:00:00,2016-10-10 09:20:00)","0","1","10","10","9","0"
"3","[2016-10-10 10:40:00,2016-10-10 11:00:00)","0","1","10","10","10","40"
"3","[2016-10-10 11:40:00,2016-10-10 12:00:00)","0","1","10","10","11","40"
"3","[2016-10-10 14:40:00,2016-10-10 15:00:00)","0","1","10","10","14","40"
"3","[2016-10-10 15:40:00,2016-10-10 16:00:00)","0","1","10","10","15","40"
"3","[2016-10-11 00:40:00,2016-10-11 01:00:00)","0","1","10","11","0","40"
"1","[2016-10-11 02:20:00,2016-10-11 02:40:00)","0","1","10","11","2","20"
"1","[2016-10-11 02:40:00,2016-10-11 03:00:00)","0","1","10","11","2","40"
"2","[2016-10-11 07:00:00,2016-10-11 07:20:00)","0","1","10","11","7","0"
"3","[2016-10-11 15:20:00,2016-10-11 15:40:00)","0","3","10","11","15","20"
"3","[2016-10-12 00:40:00,2016-10-12 01:00:00)","0","1","10","12","0","40"
"3","[2016-10-12 09:40:00,2016-10-12 10:00:00)","0","1","10","12","9","40"
"3","[2016-10-12 12:20:00,2016-10-12 12:40:00)","0","2","10","12","12","20"
"3","[2016-10-12 16:40:00,2016-10-12 17:00:00)","0","1","10","12","16","40"
"3","[2016-10-12 18:00:00,2016-10-12 18:20:00)","0","1","10","12","18","0"
"3","[2016-10-12 18:40:00,2016-10-12 19:00:00)","0","1","10","12","18","40"
"3","[2016-10-12 19:20:00,2016-10-12 19:40:00)","0","1","10","12","19","20"
"3","[2016-10-13 07:00:00,2016-10-13 07:20:00)","0","1","10","13","7","0"
"3","[2016-10-13 09:20:00,2016-10-13 09:40:00)","0","3","10","13","9","20"
"3","[2016-10-13 10:00:00,2016-10-13 10:20:00)","0","2","10","13","10","0"
"3","[2016-10-13 16:40:00,2016-10-13 17:00:00)","0","2","10","13","16","40"
"2","[2016-10-13 21:40:00,2016-10-13 22:00:00)","0","1","10","13","21","40"
"3","[2016-10-14 04:40:00,2016-10-14 05:00:00)","0","1","10","14","4","40"
"3","[2016-10-14 09:00:00,2016-10-14 09:20:00)","0","1","10","14","9","0"
"2","[2016-10-14 12:20:00,2016-10-14 12:40:00)","0","1","10","14","12","20"
"2","[2016-10-14 14:20:00,2016-10-14 14:40:00)","0","1","10","14","14","20"
"3","[2016-10-14 19:40:00,2016-10-14 20:00:00)","0","1","10","14","19","40"
"3","[2016-10-15 01:00:00,2016-10-15 01:20:00)","0","1","10","15","1","0"
"3","[2016-10-15 07:20:00,2016-10-15 07:40:00)","0","1","10","15","7","20"
"2","[2016-10-15 11:00:00,2016-10-15 11:20:00)","0","1","10","15","11","0"
"2","[2016-10-15 14:00:00,2016-10-15 14:20:00)","0","1","10","15","14","0"
"1","[2016-10-16 07:40:00,2016-10-16 08:00:00)","0","27","10","16","7","40"
"1","[2016-10-16 09:20:00,2016-10-16 09:40:00)","0","1","10","16","9","20"
"1","[2016-10-16 09:40:00,2016-10-16 10:00:00)","0","6","10","16","9","40"
"1","[2016-10-16 11:20:00,2016-10-16 11:40:00)","0","2","10","16","11","20"
"2","[2016-10-17 07:40:00,2016-10-17 08:00:00)","0","1","10","17","7","40"
"3","[2016-10-17 08:40:00,2016-10-17 09:00:00)","0","1","10","17","8","40"
"2","[2016-10-17 12:20:00,2016-10-17 12:40:00)","0","1","10","17","12","20"
